sku,name,price
FWBL25FH05C,Áo Sát Nách Houndstooth FWBL25FH05C,449000
FWKS25FH03G,Áo Polo Gân Xám FWKS25FH03G,399000
FWKS25FH04C,Áo Polo Cổ Viền Tương Phản FWKS25FH04C,399000
FWKS25FH06C,Áo Thun Polo Nữ FWKS25FH06C,450000
FWKS25SS02G,Áo Polo Cổ V – FWKS25SS02G,399000
FWKS25SS07C,Áo Thun Polo Nữ Kẻ Sọc FWKS25SS07C,399000
FWKS25SS08C,Áo Thun Polo Freelancer Dệt Lưới FWKS25SS08C,399000
FWWS25FH01G,Áo Sơ Mi Nữ Tay Dài FWWS25FH01G,449000
FWWS25SS02G,Áo Sơ Mi Nữ Tay Dài – FWWS25SS02G,449000
FWWS25SS09C,Áo Sơ Mi Croptop – FWWS25SS09C,399000
FWWS25SS11G,Áo Sơ Mi Nữ Tay Dài FWWS25SS11G,449000
WS25FH100T-SD,Áo Sơ Mi Nam Tay Ngắn Form Ôm WS25FH100T-SD,700000
FWTS25FH02C,Áo Thun Dệt Kim Trắng – FWTS25FH02C,650000
FWTS25FH03G,Áo Thun Nữ In Chữ,399000
FWTS25SS14C,Áo Thun Nữ Basic Cut-Out FWTS25SS14C,249000
FWTS25SS15C,Áo Thun Trắng Cổ Tròn Xẻ Tà FWTS25SS15C,299000
FWTS25SS19G,Áo Thun Nữ Thêu Hoa FWTS25SS19G,399000
BA24FH03-BP,Balo Thời Trang BA24FH03-BP,1900000
BE24FH26-EP,Thắt Lưng Đầu Tăng Đơ BE24FH26-EP,880000
BE24FH27-EP,Thắt Lưng Đầu Tăng Đơ BE24FH27-EP,880000
BE25FH30-HL,Thắt Lưng Nam Đầu Kim BE25FH30-HL,500000
BE25FH31-EP,Thắt Lưng Nam Đầu Tăng Đơ BE25FH31-EP,600000
BE25FH34-HL,Thắt Lưng Nam Đầu Kim BE25FH34-HL,500000
BE25FH35-HL,Thắt Lưng Nam Đầu Kim BE25FH35-HL,500000
BE25FH37-EP,Thắt Lưng Nam Đầu Tăng Đơ BE25FH37-EP,600000
BE25FH38-EP,Thắt Lưng Nam Đầu Tăng Đơ BE25FH38-EP,600000
BE25FH39-EP,Thắt Lưng Nam Đầu Tăng Đơ BE25FH39-EP,600000
BE25FH42-HL,Thắt Lưng Nam Đầu Kim BE25FH42-HL,600000
BE25FH43-HL,Thắt Lưng Nam Đầu Kim BE25FH43-HL,600000
BE25FH44-HL,Thắt Lưng Nam Đầu Kim BE25FH44-HL,600000
BE25FH45-HL,Thắt Lưng Nam Đầu Kim BE25FH45-HL,600000
BE25FH46-EP,Thắt Lưng Nam Đầu Tăng Đơ BE25FH46-EP,600000
BE25FH48-EP,Thắt Lưng Nam Đầu Tăng Đơ BE25FH48-EP,600000
BE25FH49-EP,Thắt Lưng Nam Đầu Tăng Đơ BE25FH49-EP,600000
BE25FH50-EP,Thắt Lưng Nam Đầu Tăng Đơ BE25FH50-EP,600000
BE25SS02-EP,Thắt Lưng Đầu Tăng Đơ BE25SS02-EP,880000
BE25SS10-HL,Thắt Lưng Đầu Kim BE25SS10-HL,500000
BE25SS11-RE,Thắt Lưng Đầu Kim Xoay BE25SS11-RE,650000
BE25SS23-HL,Thắt Lưng Đầu Tăng Đơ BE25SS23-HL,600000
BE25SS25-HL,Thắt Lưng Da Thật BE25SS25-HL,600000
BE25SS26-HL,Thắt Lưng Nam Đầu Kim BE25SS26-HL,500000
BE25SS27-EP,Thắt Lưng Nam Đầu Tăng Đơ BE25SS27-EP,600000
BE25SS28-EP,Thắt Lưng Nam Đầu Tăng Đơ BE25SS28-EP,600000
BZ24FH01T-SL,Áo Khoác Blazer Lịch Lãm BZ24FH01T-SL,1950000
BZ24FH02P-SL,Áo Khoác Blazer Lịch Lãm BZ24FH02P-SL,2100000
BZ25FH06C-SL,Áo Blazer Nam Tay Dài Form Ôm BZ25FH06C-SL,2100000
BZ25FH07T-SL,Áo Blazer Nam Form Ôm BZ25FH07T-SL,2100000
BZ25SS01C-RG,Áo Blazer Nam Form Vừa BZ25SS01C-RG,1950000
BZ25SS02C-RG,Áo Blazer Nam Form Vừa BZ25SS02C-RG,1950000
BZ25SS03C-RG,Áo Vest Form Vừa BZ25SS03C-RG,2100000
BZ25SS04P-SL,Áo Blazer Nam Form Ôm BZ25SS04P-SL,2100000
BZ25SS05C-SL,Áo Blazer Nam Form Ôm BZ25SS05C-SL,2100000
CB22FH01,Cà vạt nam lịch lãm CB22FH01,599000
FWSK25FH04G,Chân Váy Houndstooth Đuôi Cá FWSK25FH04G,399000
FWSK25FH12C,Mini Skirt Basic Màu Beige FWSK25FH12C,399000
FWSK25SS09C,Chân Váy Midi Xếp Nhún FWSK25SS09C,599000
CT24FH01C-M,Cà Vạt Nam Lịch Lãm CT24FH01C-M,240000
CT24FH03C-M,Cà Vạt Nam Thanh Lịch CT24FH03C-M,240000
CT24FH04C-M,Cà Vạt Nam Lịch Lãm CT24FH04C-M,240000
CT24FH07C-S,Cà Vạt Nam Lịch Lãm CT24FH07C-S,240000
CT24FH08C-S,Cà Vạt Nam Thanh Lịch CT24FH08C-S,240000
FWDR25FH04C,Áo Đầm Nữ Sang Trọng FWDR25FH04C,699000
FWDR25SS014G,Đầm Nữ Dáng Dài Gài Nút FWDR25SS014G,599000
FWDR25SS17C,Đầm Trắng Dáng Wrap Cổ Tim FWDR25SS17C,649000
FWDR25SS22C,Đầm Trắng Dài Xếp Ly FWDR25SS22C,699000
FWDR25SS23C,Đầm Suông Dài Không Tay FWDR25SS23C,699000
FWDR25SS26G,Đầm Dáng Suông Cổ Polo FWDR25SS26G,549000
FWDR25SS29G,Đầm Xòe Tay Phồng FWDR25SS29G,599000
FWDR25SS30G,Áo Đầm Polo Ngắn Tay FWDR25SS30G,599000
FWDR25SS33C,Đầm Sơ Mi Không Tay FWDR25SS33C,699000
DP23ES04C-EP,Quần Tây Nam Lưng Thông Minh Form Slim Fit DP23ES04C-EP,850000
DP23ES07C-EP,Quần Tây Nam Lưng Thông Minh DP23ES07C-EP,850000
DP23SS03C-NM,Quần Tây Nam Phong Cách Lịch Lãm DP23SS03C-NM,800000
DP24FH07C-EP,Quần Tây Nam Lưng Thông Minh DP24FH07C-EP,850000
DP24FH08C-NM,Quần Tây Nam Form Ôm DP24FH08C-NM,800000
DP24FH09T-EPRG,Quần Tây Nam Form Vừa DP24FH09T-EPRG,850000
DP24FH10T-EPSC,Quần Tây Nam Form Ôm Vừa Lưng Thông Minh DP24FH10T-EPSC,850000
DP24FH11P-NMSC,Quần Tây Nam Lịch Lãm DP24FH11P-NMSC,850000
DP24SS02P-EP,Quần Tây Lịch Lãm Lưng Thông Minh DP24SS02P-EP,750000
DP24SS03T-NM,Quần Tây Nam Form Vừa DP24SS03T-NM,800000
DP24SS05P-NM,Quần Tây Lịch Lãm DP24SS05P-NM,700000
DP24SS06P-EP,Quần Tây Lưng Thông Minh DP24SS06P-EP,800000
DP25ES01P-NM,Quần Tây Nam Form Vừa DP25ES01P-NM,800000
DP25ES01P-NMSC,Quần Tây Nam Form Ôm Vừa DP25ES01P-NMSC,800000
DP25ES04C-EPRG,Quần Tây Nam Form Vừa DP25ES04C-EPRG,950000
DP25FH09P-NMSC,Quần Tây Nam Form Vừa DP25FH09P-NMSC,800000
DP25FH10C-NMRG,Quần Tây Nam Form Vừa DP25FH10C-NMRG,850000
DP25FH11T-NMSC,Quần Tây Nam Form Ôm Vừa DP25FH11T-NMSC,850000
DP25FH12T-EPSC,Quần Tây DP25FH12T-EPSC,850000
DP25FH14P-NMSC,Quần Tây DP25FH14P-NMSC,850000
DP25SS02P-NM,Quần Tây Nam Form Ôm Vừa DP25SS02P-NM,800000
DP25SS03C-NMSC,Quần Tây Form Ôm Vừa DP25SS03C-NMSC,800000
DP25SS05T-NMSC,Quần Tây Form Ôm Vừa DP25SS05T-NMSC,800000
DP25SS06P-NMSC,Quần Tây Nam Form Vừa DP25SS06P-NMSC,850000
DP25SS07P-NMSC,Quần Tây Form Ôm Vừa DP25SS07P-NMSC,800000
DP25SS08C-NMSC,Quần Tây Nam Form Vừa DP25SS08C-NMSC,850000
FJK23SS01P-PACM,Áo Khoác Nữ Thời Trang FJK23SS01P-PACM,1199000
FWBE23SS02,Thắt Lưng Nữ Cá Tính FWBE23SS02,799000
FWBL22FH14C,Áo kiểu nữ sát nách form vừa FWBL22FH14C,349000
FWBL22FH77G,Áo kiểu nữ sát nách vạt chéo FWBL22FH77G,449000
FWBL22SS03C,Áo kiểu nữ sát nách vạt chéo FWBL22SS03C,349000
FWBL22SS04L,Áo kiểu nữ cổ bẻ tay phồng FWBL22SS04L,349000
FWBL22SS06C,Áo kiểu nữ tay ngắn cổ V FWBL22SS06C,349000
FWBL22SS08L,Áo kiểu nữ sát nách cổ lọ FWBL22SS08L,349000
FWBL22SS09L,Áo kiểu nữ tay dài in họa tiết FWBL22SS09L,399000
FWBL22SS10G,Áo kiểu nữ sát nách  FWBL22SS10G,349000
FWBL22SS12G,Áo kiểu nữ xếp ly chéo eo FWBL22SS12G,399000
FWBL23FH02G,Áo Blouse Nữ Tay Bồng FWBL23FH02G,399000
FWBL23FH05C,Áo Blouse Cổ Chữ V Nữ Tính FWBL23FH05C,399000
FWBL23FH07C,Áo Blouse Nữ Thời Trang FWBL23FH07C,399000
FWBL23FH19C,Áo Blouse Nữ Cách Điệu Thời Trang FWBL23FH19C,349000
FWBL23SS01G,Áo kiểu nữ cổ tròn tay phồng FWBL23SS01G,499000
FWBL23SS02G,Áo Blouse Nữ Tay Ngắn  FWBL23SS02G,499000
FWBL23SS03G,Áo Blouse Nữ Thời Trang FWBL23SS03G,449000
FWBL23SS04C,Áo kiểu nữ sát nách cổ tim FWBL23SS04C,349000
FWBL23SS05C,Áo Blouse Nữ Tay Ngắn Thanh Lịch FWBL23SS05C,449000
FWBL23SS07G,Áo kiểu nữ sát nách cổ sơ mi FWBL23SS07G,349000
FWBL23SS09G,Áo kiểu nữ cổ sơ mi sát nách FWBL23SS09G,399000
FWBL23SS10G,Áo Blouse Nữ Tay Bồng FWBL23SS10G,449000
FWBL23SS18G,Áo kiểu nữ tay dài FWBL23SS18G,549000
FWBL24FH11C,Áo Kiểu Nữ Cổ Tròn FWBL24FH11C,419000
FWBL24FH13C,Áo Kiểu Phối Bèo Nhún Nữ Tính FWBL24FH13C,499000
FWBL24SS01C,Áo Blouse Nữ Cổ Tròn Vạt Chéo FWBL24SS01C,399000
FWBL24SS02C,Áo Blouse Tay Ngắn Cổ V FWBL24SS02C,399000
FWBL24SS03C,Áo Blouse Nữ Dáng Gile Thanh Lịch FWBL24SS03C,399000
FWBL24SS08C,Áo Blouse Nữ Thanh Lịch FWBL24SS08C,349000
FWBL24SS10C,Áo Blouse Nữ Cách Điệu FWBL24SS10C,399000
FWBL25SS01C,Áo Blouse Nữ Thời Trang FWBL25SS01C,449000
FWBL25SS02C,Áo Nữ Thời Trang FWBL25SS02C,449000
FWBL25SS03C,Áo Blouse Freelancer FWBL25SS03C,549000
FWBL25SS07C,Áo Blouse Cổ Trụ Freelancer FWBL25SS07C,399000
FWBL25SS09C,Áo kiểu Nữ thời trang FWBL25SS09C,399000
FWBZ22SS01L,Áo blazer nữ tay dài họa tiết kẻ caro FWBZ22SS01L,899000
FWBZ22SS03L,Áo Blazer cổ vest tay dài nữ FWBZ22SS03L,899000
FWBZ23FH02C,Áo Khoác Nữ Tay Dài Thời Trang FWBZ23FH02C,649000
FWBZ23SS06C,Áo Khoác Nữ Cổ Vest FWBZ23SS06C,899000
FWBZ24FH01C,Áo Blazer Nữ Thanh Lịch FWBZ24FH01C,749000
FWBZ24FH03C,Áo Blazer Ghi Lê Nữ FWBZ24FH03C,649000
FWBZ24SS03C,Áo Blazer Nữ Dáng Croptop FWBZ24SS03C,499000
FWDP22FH04G,Quần tây nữ thanh lịch FWDP22FH04G,599000
FWDP22SS01L,Quần tây nữ basic ống đứng FWDP22SS01L,599000
FWDP23FH02G,Quần Tây Nữ Form Baggy FWDP23FH02G,449000
FWDP23SS07C,Quần tây nữ lưng thông minh FWDP23SS07C,599000
FWDP23SS08C,Quần tây nữ form baggy FWDP23SS08C,649000
FWDP23SS09C,Quần tây nữ form ống rộng FWDP23SS09C,599000
FWDP24FH01C,Quần Tây Slimfit Freelancer FWDP24FH01C,449000
FWDP24FH02C,Quần Tây Suông Lưng Cao FWDP24FH02C,499000
FWDP24SS02C,Quần Tây Nữ Dáng Baggy Thanh Lịch FWDP24SS02C,399000
FWDP24SS03C,Quần Tây Nữ Ống Suông FWDP24SS03C,399000
FWDP24SS05C,Quần Tây Nữ Basic FWDP24SS05C,429000
FWDP24SS06C,Quần Tây Nữ Basic FWDP24SS06C,429000
FWDP25SS03C,Quần Tây Nữ Thanh Lịch FWDP25SS03C,499000
FWDP25SS04C,Quần Tây Ống Rộng Freelancer - FWDP25SS04C,499000
FWDR22FH21C,Đầm sơ mi dáng chữ A in họa tiết FWDR22FH21C,749000
FWDR22FH50C,Đầm polo nữ dáng xòe FWDR22FH50C,749000
FWDR22FH52C,Đầm nữ dáng polo phối viền FWDR22FH52C,699000
FWDR22FH55C,Đầm polo nữ dáng xòe FWDR22FH55C,699000
FWDR22FH57C,Đầm nữ cổ yếm tròn FWDR22FH57C,799000
FWDR22FH58C,Đầm nữ dạo phố dáng dài FWDR22FH58C,899000
FWDR22FH59C,Đầm nữ dáng dài FWDR22FH59C,849000
FWDR22FH71C,Đầm polo nữ dáng chữ A FWDR22FH71C,749000
FWDR22SS19L,Đầm 2 dây phom suông đính ngọc  FWDR22SS19L,549000
FWDR23FH03C,Đầm  Nữ Cổ V Quyến Rũ FWDR23FH03C,799000
FWDR23FH04G,Đầm Sơ Mi Nữ Tay Ngắn FWDR23FH04G,799000
FWDR23FH08C,Đầm Polo Tay Ngắn Cá Tính FWDR23FH08C,799000
FWDR23FH09G,Đầm Nữ Cổ Tròn Dáng Xòe FWDR23FH09G,799000
FWDR23FH18C,Đầm Form Suông Nữ Tính FWDR23FH18C,549000
FWDR23SS01G,Đầm nữ hai dây dáng dài FWDR23SS01G,599000
FWDR23SS03C,Đầm nữ sát nách form ôm FWDR23SS03C,599000
FWDR23SS07G,Đầm nữ dáng suông có dây thắt eo FWDR23SS07G,799000
FWDR23SS08G,Đầm họa tiết dáng xòe nữ tính FWDR23SS08G,749000
FWDR23SS09C,Đầm nữ tay ngắn form ôm họa tiết nữ tính FWDR23SS09C,699000
FWDR23SS10C,Đầm cổ xéo nữ tính FWDR23SS10C,849000
FWDR23SS11C,Đầm nữ họa tiết hoa nữ tính FWDR23SS11C,799000
FWDR23SS12C,Đầm nữ họa tiết nữ tính FWDR23SS12C,799000
FWDR23SS13G,Đầm Tay Ngắn Nữ Tính FWDR23SS13G,799000
FWDR23SS14G,Đầm Nữ Xòe Điệu Đà FWDR23SS14G,799000
FWDR23SS16C,Đầm Maxi Hoa Đồng Nội Cổ Yếm Nữ Tính FWDR23SS16C,799000
FWDR23SS16G,"Đầm Sát Nách, Cổ Vuông  FWDR23SS16G",749000
FWDR23SS24C,Đầm nữ sát nách họa tiết hoa nữ tính FWDR23SS24C,699000
FWDR23SS28G,Đầm nữ cổ tròn dáng xòe FWDR23SS28G,799000
FWDR23SS29G,Đầm Wrap Dress FWDR23SS29G,749000
FWDR23SS30G,Đầm Nữ Tay Ngắn Thanh Lịch FWDR23SS30G,699000
FWDR23SS31C,Đầm Dáng Xòe Tay Bèo FWDR23SS31C,799000
FWDR23SS32C,Đầm Tay Ngắn Form Suông FWDR23SS32C,699000
FWDR23SS33C,Đầm Nữ Thanh Lịch FWDR23SS33C,649000
FWDR23SS51G,Đầm Polo Nữ Năng Động FWDR23SS51G,699000
FWDR23SS60C,Đầm sơ mi nữ tay dài phối belt FWDR23SS60C,799000
FWDR23SS76G,Đầm Thun Body Năng Động FWDR23SS76G,499000
FWDR23SS79G,Đầm nữ dáng suông có dây thắt eo FWDR23SS79G,749000
FWDR24FH01G,Đầm Dáng Xòe Nữ Tính FWDR24FH01G,549000
FWDR24FH03C,Đầm Nữ Cổ Vest Thanh Lịch FWDR24FH03C,599000
FWDR24FH04G,Đầm Nữ Họa Tiết Hoa Nhí FWDR24FH04G,649000
FWDR24FH05C,Đầm Sát Nách Cổ Tròn FWDR24FH05C,699000
FWDR24FH06C,Đầm Nữ Dáng Vest FWDR24FH06C,699000
FWDR24FH10C,Đầm Nữ Thanh Lịch FWDR24FH10C,649000
FWDR24FH11G,Đầm Sát Nách Cổ Tròn FWDR24FH11G,699000
FWDR24FH23G,Đầm Nữ Thời Trang FWDR24FH23G,649000
FWDR24FH24G,Đầm Sơ Mi Nữ Tính FWDR24FH24G,659000
FWDR24FH26C,Đầm nữ Thanh Lịch FWDR24FH26C,599000
FWDR24FH27G,Đầm Sơ Mi Nữ Form Suông FWDR24FH27G,599000
FWDR24FH28G,Đầm Dáng Xòe Thời Trang FWDR24FH28G,699000
FWDR24FH29G,Đầm Nữ Thanh Lịch FWDR24FH29G,699000
FWDR24SS01G-C,Đầm Polo Tay Ngắn Năng Động FWDR24SS01G-C,549000
FWDR24SS02G-C,Đầm Suông Basic Tay Ngắn FWDR24SS02G-C,549000
FWDR24SS04C-O,Đầm Thắt Eo Thanh Lịch FWDR24SS04C-O,649000
FWDR24SS05C-O,Đầm Cổ Tròn Dáng Xòe FWDR24SS05C-O,599000
FWDR24SS06C-O,Đầm Nữ Xẻ Lai Thanh Lịch FWDR24SS06C-O,649000
FWDR24SS07C-O,Đầm Cổ Trụ Tay Xòe FWDR24SS07C-O,649000
FWDR24SS08G-C,Đầm Jean Sát Nách Cá Tính FWDR24SS08G-C,769000
FWDR24SS10G-C,Đầm Polo Tay Ngắn Cá Tính FWDR24SS10G-C,549000
FWDR24SS12G,Đầm Cổ V Dáng Xòe FWDR24SS12G,599000
FWDR24SS14C,Đầm Dáng Xòe Nữ Tính FWDR24SS14C,599000
FWDR24SS16G,Đầm Polo Cá Tính FWDR24SS16G,549000
FWDR24SS17C-O,Đầm Nữ Sơ Mi Form Suông FWDR24SS17C-O,699000
FWDR24SS18C-O,Đầm Nữ Thắt Eo Thanh Lịch  FWDR24SS18C-O,649000
FWDR24SS19G-C,Đầm Tay Ngắn Form Suông FWDR24SS19G-C,549000
FWDR24SS21C-O,Đầm Cổ Vest Thanh Lịch FWDR24SS21C,699000
FWDR24SS30G,Đầm Cách Điệu Thời Trang FWDR24SS30G,549000
FWDR25SS010G,Đầm Nữ Dáng Xòe Cổ Trụ Thanh Lịch FWDR25SS010G,649000
FWDR25SS016G,Đầm nữ thời trang FWDR25SS016G,649000
FWDR25SS04G,Đầm Nữ Dáng Xòe Cổ V Phối Dây FWDR25SS04G,649000
FWDR25SS08G,Đầm Nữ Thời Trang FWDR25SS08G,649000
FWDR25SS09C,Áo Đầm Tay Lỡ Nữ Tính FWDR25SS09C,649000
FWDR25SS25G,Đầm Nữ Họa Tiết FWDR25SS25G,549000
FWDR25SS32G,Đầm Denim Sát Nách Cổ Sơ Mi FWDR25SS32G,699000
FWJK22FH03C,Áo khoác nữ có nón phối màu FWJK22FH03C,1299000
FWJK22FH07C,Áo Khoác nữ họa tiết dập nổi FWJK22FH07C,1399000
FWJK22SS02H,Áo khoác nữ có nón FWJK22SS02H,1199000
FWJK23FH03C,Áo Khoác Nữ Thời Trang FWJK23FH03C,1199000
FWJK23FH04G-J,Áo Khoác Nữ Dáng Lửng Cá Tính FWJK23FH04G-J,749000
FWJK23FH05G-J,Áo Khoác Nữ Dáng Ngắn Phong Cách FWJK23FH05G-J,699000
FWJK23SS02G,Áo Khoác Nữ Thời Trang FWJK23SS02G,899000
FWJK24FH02G,Áo Khoác Nữ FWJK24FH02G,749000
FWJK24SS02G,Áo Khoác Nữ Dáng Gile Thời Trang FWJK24SS02G,569000
FWJN22FH07C,Quần jeans nữ dáng skinny lai tua rua FWJN22FH07C,599000
FWJN22FH14G,Quần jeans nữ ống loe lai cách điệu FWJN22FH14G,599000
FWJN22FH15G,Quần jeans nữ lưng cao ống loe  FWJN22FH15G,599000
FWJN22FH16G,Quần Jean nữ form ôm FWJN22FH16G,699000
FWJN22FH17C,Quần Jean Nữ form suông FWJN22FH17C,699000
FWJN22FH18C,Quần Jean nữ basic ông loe nhẹ FWJN22FH18C,599000
FWJN22SS01C,Quần jeans nữ ống tua rua FWJN22SS01C,549000
FWJN22SS04L,Quần jeans nữ ống loe lai tua rua FWJN22SS04L,549000
FWJN22SS05L,Quần jeans nữ ống loe lệch lai FWJN22SS05L,549000
FWJN22SS08C,Quần jeans nữ dáng skinny FWJN22SS08C,549000
FWJN22SS09C,Quần jeans nữ dáng skinny lệch lai FWJN22SS09C,549000
FWJN23FH04C,Quần Jean Nữ Ống Loe FWJN23FH04C,669000
FWJN23FH05C,Quần Jean Nữ Form Ôm FWJN23FH05C,599000
FWJN23FH07C,Quần Jean Nữ Phong Cách Ombre FWJN23FH07C,629000
FWJN23SS01G,Quần Jean Nữ Xẻ Lai FWJN23SS01G,699000
FWJN23SS02C,Quần Jean Nữ Form Ôm  FWJN23SS02C,699000
FWJN24FH01G,Quần Jean Nữ Ống Loe FWJN24FH01G,599000
FWJN24FH03G,Quần Jeans Cargo Freelancer FWJN24FH03G,699000
FWJN24FH05G,Quần Jean Nữ Ống Rộng FWJN24FH05G,699000
FWJN24FH08G,Quần Jeans Ống Rộng Freelancer FWJN24FH08G,599000
FWJN24SS02G,Quần Jean Nữ Ống Rộng FWJN24SS02G,599000
FWJN24SS03G,Quần Jean Nữ Form Culottes FWJN24SS03G,599000
FWJN24SS06C,Quần Jean Nữ Ống Loe FWJN24SS06C,599000
FWJN24SS08G,Quần Jean Nữ Ống Suông Năng Động FWJN24SS08G,599000
FWJN24SS09G,Quần Jeans Nữ Ống Suông FWJN24SS09G,649000
FWJN25SS04G,Quần Jeans Form Ôm FWJN25SS04G,649000
FWJN25SS05G,Quần Jeans Nữ Ống Rộng FWJN25SS05G,599000
FWJN25SS09C,Quần Jeans Ống Rộng Màu Đen FWJN25SS09C,599000
FWJN25SS10C,Quần Jean Trắng Ống Rộng Freelancer FWJN25SS10C,599000
FWKS22FH05G,Áo polo nữ tay ngắn FWKS22FH05G,399000
FWKS22FH07G,Áo thun nữ cổ bẻ phối viền  FWKS22FH07G,399000
FWKS22FH08G,Áo Polo Nữ form vừa tay ngắn có bo FWKS22FH08G,449000
FWKS22FH09C,Áo polo nữ tay ngắn phối lưới FWKS22FH09C,399000
FWKS22SS01L,Áo polo vải café tay ngắn phối viền FWKS22SS01L,399000
FWKS22SS02C,Áo thun nữ cổ bẻ phối viền FWKS22SS02C,349000
FWKS23FH01C,Áo Polo Nữ  Năng Động FWKS23FH01C,549000
FWKS23FH07C,Áo Polo Nữ Cá Tính FWKS23FH07C,549000
FWKS23SS05G,Áo Polo Nữ Form Ôm Tôn Dáng FWKS23SS05G,499000
FWKS23SS06C,Áo Polo Nữ Cá Tính FWKS23SS06C,449000
FWKS24FH01G,Áo Polo Tay Ngắn FWKS24FH01G,399000
FWKS24FH03G,Áo Thun Polo Nữ FWKS24FH03G,399000
FWKS24SS01G,Áo Polo Nữ Tay Ngắn Dáng Croptop FWKS24SS01G,399000
FWKS24SS05G,Áo Polo Nữ Tay Ngắn Dáng Lửng FWKS24SS05G,399000
FWKS24SS12G,Áo Polo Nữ Tay Ngắn Form Vừa FWKS24SS12G,399000
FWKS25SS05G,Áo Thun Polo Nữ – FWKS25SS05G,449000
FWKS25SS11G,Áo Polo Nữ Cổ Lưới FWKS25SS11G,449000
FWSG22SS04P,Mắt kính nữ thời trang FWSG22SS04P,549000
FWSG23SS01G,Combo Mắt Kính Nữ FWSG23SS01G + Hộp Mắt Kính SG23-BOX2,418000
FWSG23SS02G,Combo Mắt Kính Nữ FWSG23SS02G + Hộp Mắt Kính SG23-BOX1,408000
FWSG23SS03G,Combo Mắt Kính Nữ FWSG23SS03G + Hộp Mắt Kính SG23-BOX1,408000
FWSK22FH16G,Chân Váy xòe chữ A thanh lịch FWSK22FH16G,549000
FWSK22FH17G,Chân váy xòe chữ A thanh lịch FWSK22FH17G,449000
FWSK22SS04L,Chân váy bút chì xếp nhún xẻ tà FWSK22SS04L,399000
FWSK22SS05C,Chân váy bút chì nút lệch FWSK22SS05C,399000
FWSK22SS08L,Chân váy xòe chữ A thanh lịch FWSK22SS08L,499000
FWSK23FH02C,Chân Váy Vạt Chéo Thanh Lịch FWSK23FH02C,499000
FWSK23SS02G,Chân váy dáng xòe họa tiết nữ tính FWSK23SS02G,499000
FWSK23SS06G,Quần Váy Hoa Nhí Điệu Đà FWSK23SS06G,499000
FWSK23SS08G,Chân Váy Demin Họa Tiết Hoa FWSK23SS08G,499000
FWSK23SS10C,Chân váy họa tiết hoa nữ tính FWSK23SS10C,549000
FWSK23SS13G,Chân Váy Nữ Lệch Tà Cách Điệu FWSK23SS13G,499000
FWSK23SS14G,Chân Váy Bút Chì Form Basic FWSK23SS14G,499000
FWSK23SS80G,Chân váy xòe chữ A thanh lịch FWSK23SS80G,549000
FWSK24FH01C,Chân Váy Nữ Thanh Lịch  FWSK24FH01C,329000
FWSK24FH02G-J,Chân Váy Jeans Sành Điệu FWSK24FH02G-J,519000
FWSK24FH04C-1,Chân Váy Thanh Lịch FWSK24FH04C,399000
FWSK24FH05C,Chân Váy Nữ FWSK24FH05C,499000
FWSK24FH13C,Chân Váy Thiết Kế FWSK24FH13C,399000
FWSK24FH15C,Chân Váy A Xếp Ly Màu Be FWSK24FH15C,499000
FWSK24SS01C-O,Chân Váy Chữ A Thanh Lịch FWSK24SS01C-O,399000
FWSK24SS02C-O,Chân Váy Ôm Xẻ Lai FWSK24SS02C-O,399000
FWSK24SS05G-J,Chân Váy Jeans Cá Tính FWSK24SS05G-J,549000
FWSK24SS07G-J,Chân Váy Jean Xẻ Lai Sành Điệu FWSK24SS07G-J,529000
FWSK25SS02G,Chân Váy Freelancer – FWSK25SS02G,449000
FWSK25SS04G,Chân Váy Freelancer – FWSK25SS04G,449000
FWSK25SS07C,Chân Váy Freelancer – FWSK25SS07C,399000
FWSK25SS12C,Chân Váy Ngắn Bất Đối Xứng FWSK25SS12C,349000
FWSP22SS11C-J,Quần short jeans nữ lưng cao FWSP22SS11C-J,449000
FWSP23FH02C,Quần Short Nữ Thời Trang FWSP23FH02C,299000
FWSP23FH16G,Quần Short Nữ Năng Động FWSP23FH16G,499000
FWSP23SS01G,Quần Short Nữ Cạp Cao FWSP23SS01G,299000
FWSP23SS02G,Quần Short Nữ  Lưng Cao FWSP23SS02G,499000
FWSP23SS03C,Quần Short Jean Form Ôm FWSP23SS03C,499000
FWSP23SS05G,Quần Short Nữ Sành Điệu FWSP23SS05G,499000
FWSP23SS10C,Quần Short Nữ Năng Động FWSP23SS10C,499000
FWSP23SS12C,Quần Short Giả Váy Dáng Chữ A Thanh Lịch FWSP23SS12C,499000
FWSP23SS15G,Quần Short Khaki Nữ Thời Trang  FWSP23SS15G,499000
FWSP23SS20G,Quần shorts jeans nữ lưng cao FWSP23SS20G,499000
FWSP24FH02C,Quần Short Nữ Thời Trang FWSP24FH02C,399000
FWSP24FH04C,Quần Short Đắp Tà Cạp Cao Freelancer FWSP24FH04C,369000
FWSP24FH06C,Quần Short Nữ Vạt Xéo Thanh Lịch FWSP24FH06C,349000
FWSP24SS01C,Quần Short Nữ Thời Trang FWSP24SS01C,349000
FWSP24SS02G-J,Quần Short Nữ Năng Động FWSP24SS02G-J,499000
FWSP24SS03G-J,Quần Short Nữ  Thời Trang FWSP24SS03G-J,499000
FWSP25FH02G-J,Quần Short Jean Đen Cạp Cao FWSP25FH02G-J,499000
FWSP25FH03G-J,Quần Short Trắng Form Suông FWSP25FH03G-J,499000
FWSP25SS04C,Quần Short Nữ Thời Trang FWSP25SS04C,349000
FWSW22FH04G,Áo Len nữ cổ lọ basic FWSW22FH04G,799000
FWSW22FH06G,Áo len nữ cổ tròn họa tiết kẻ ngang FWSW22FH06G,699000
FWSW22FH07C,Áo len nữ form ôm cổ vuông tay dài FWSW22FH07C,699000
FWSW22FH08C,Đầm tay dài cổ vuông FWSW22FH08C,949000
FWSW22FH09G,Áo len nữ cổ lọ tay dài FWSW22FH09G,699000
FWSW23FH01C,Áo Khoác Len Cardigan Form Rộng FWSW23FH01C,899000
FWTS22FH06L,Áo thun nữ form vừa tay dài FWTS22FH06L,349000
FWTS22FH17G,Áo Thun Nữ form ôm tay dài FWTS22FH17G,249000
FWTS22FH18G,Áo Thun Nữ tay ngắn FWTS22FH18G,249000
FWTS22SS04L,Áo thun tay ngắn cổ tim nhún ngực FWTS22SS04L,349000
FWTS22SS05L,Áo thun nữ cổ tròn phối nút FWTS22SS05L,249000
FWTS22SS07C,Áo thun sát nách nữ form ôm FWTS22SS07C,249000
FWTS22SS13G,Áo thun nữ basic in chữ FWTS22SS13G,349000
FWTS22SS16C,Áo thun nữ tay ngắn basic FWTS22SS16C,299000
FWTS23FH02G,Áo Thun Nữ Tay Ngắn Trẻ Trung FWTS23FH02G,349000
FWTS23FH03G,Áo Thun Nữ In Chữ Tay Ngắn FWTS23FH03G,349000
FWTS23FH04C,Áo Thun Nữ Tay Ngắn Thời Trang FWTS23FH04C,349000
FWTS23FH05G,Áo Thun Nữ Xẻ Lai Phá Cách FWTS23FH05G,349000
FWTS23FH07G,Áo Thun Nữ Vạt Chéo Cách Điệu FWTS23FH07G,349000
FWTS23SS01G-US,Áo Thun Nữ Tay Ngắn In Họa Tiết FWTS23SS01G-US,349000
FWTS23SS02G,Áo thun nữ form ôm sát nách FWTS23SS02G,299000
FWTS23SS03C,Áo Thun Nữ Tay Dài FWTS23SS03C,299000
FWTS23SS04G,"Áo Thun Nữ Cổ Tròn, Tay Lỡ FWTS23SS04G",299000
FWTS23SS05G,Áo Thun Nữ Xoắn Eo  FWTS23SS05G,299000
FWTS23SS06C,Áo Croptop Nữ Xoắn Eo FWTS23SS06C,299000
FWTS23SS07G-US,Áo Thun Nữ Tay Ngắn Cổ Tròn FWTS23SS07G-US,349000
FWTS23SS09G-US,Áo Thun Nữ In Nhũ Tay Ngắn FWTS23SS09G-US,349000
FWTS23SS11C,Áo Thun Nữ Tay Ngắn Thời Trang FWTS23SS11C,299000
FWTS23SS12C,Áo Thun Nữ  Sát Nách Thời Trang FWTS23SS12C,299000
FWTS24FH02G,Áo Thun Nữ Cá Tính FWTS24FH02G,349000
FWTS24FH03G,Áo Thun Nữ Thời Trang FWTS24FH03G,349000
FWTS24FH05G,Áo Thun Nữ Cá Tính FWTS24FH05G,349000
FWTS24FH06G,Áo Thun Nữ Thời Trang FWTS24FH06G,349000
FWTS24FH07G,Áo Thun Nữ Thời Trang FWTS24FH07G,349000
FWTS24FH08G,Áo Thun Nữ Basic Cá Tính FWTS24FH08G,399000
FWTS24FH09G,Áo Thun Trắng Cách Điệu FWTS24FH09G,349000
FWTS24FH16G,Áo Thun Nữ Thời Trang FWTS24FH16G,399000
FWTS24FH17G,Áo Thun Nữ Thời Trang FWTS24FH17G,399000
FWTS24SS02G,Áo Thun Nữ Form Vừa Tay Ngắn FWTS24SS02G,349000
FWTS24SS04G,Áo Thun Nữ Tay Ngắn Basic FWTS24SS04G,349000
FWTS24SS05G,Áo Thun Nữ Lệch Tà FWTS24SS05G,349000
FWTS24SS10G,Áo Thun Nữ Dáng Croptop FWTS24SS10G,299000
FWTS24SS11G,Áo Thun Nữ Tay Ngắn Trẻ Trung FWTS24SS11G,349000
FWTS24SS13G,Áo Thun Nữ Thời Trang FWTS24SS13G,349000
FWTS25SS03G,Áo Thun Nữ Cá Tính FWTS25SS03G,349000
FWTS25SS05G,Áo Thun Freelancer – FWTS25SS05G,399000
FWTS25SS07G,Áo Thun Freelancer In Họa Tiết FWTS25SS07G,349000
FWTS25SS08G,Áo Thun Freelancer In Hình “Nature Beats” FWTS25SS08G,399000
FWTS25SS09G,Áo Thun In Họa Tiết “Child of Light” FWTS25SS09G,349000
FWTS25SS11G,Áo Thun Freelancer Thêu Chữ “Hola” FWTS25SS11G,399000
FWTS25SS20G,Áo Thun Freelancer FWTS25SS20G,299000
FWTT22FH06G,Áo tank top nữ hai dây thời trang FWTT22FH06G,249000
FWTT22FH07G,Áo Tank top nữ hai dây thời trang FWTT22FH07G,249000
FWTT22SS01C,Áo tank top nữ vạt bèo nữ tính FWTT22SS01C,249000
FWTT22SS02C,Áo tanktop nữ vạt chéo FWTT22SS02C,299000
FWTT22SS03C,Áo tank top nữ hai dây phối nút FWTT22SS03C,299000
FWTT22SS04C,Áo tank top nữ hai dây thời trang FWTT22SS04C,299000
FWTT24FH02G,Áo Thun Nữ Sát Nách Thời Trang FWTT24FH02G,199000
FWTT24SS06G,Áo Thun Nữ  Sát Nách Thời Trang FWTT24SS06G,199000
FWTT25SS01G,Áo Tanktop cá tính FWTT25SS01G,149000
FWWS22FH12C,Áo sơ mi nữ tay ngắn cách điệu FWWS22FH12C,449000
FWWS22FH14G,Áo Sơ Mi Nữ dài tay trơn FWWS22FH14G,549000
FWWS22FH17G,Áo sơ mi nữ cách điệu FWWS22FH17G,599000
FWWS22SS05C,Áo sơ mi nữ tay dài thanh lịch FWWS22SS05C,499000
FWWS22SS06L,Áo sơ mi nữ tay dài chiết eo FWWS22SS06L,449000
FWWS22SS07C,Áo sơ mi nữ tay ngắn cổ trụ FWWS22SS07C,399000
FWWS22SS09L,Áo sơ mi nữ tay dài thanh lịch FWWS22SS09L,449000
FWWS22SS11C,Áo sơ mi nữ tay dài 2 lớp FWWS22SS11C,499000
FWWS22SS13C,Áo sơ mi nữ tay dài 2 lớp FWWS22SS13C,549000
FWWS23FH02G,Áo Sơ Mi Nữ Tay Dài Thanh Lịch FWWS23FH02G,549000
FWWS23FH05C,Áo Sơ Mi Nữ  Tay Ngắn FWWS23FH05C,399000
FWWS23SS01G,Áo sơ mi nữ tay dài FWWS23SS01G,549000
FWWS23SS04G,Áo Sơ Mi Nữ Tay Dài FWWS23SS04G,499000
FWWS23SS05G,Áo Sơ Mi Nữ Xẻ Tà  FWWS23SS05G,599000
FWWS23SS19C,Áo sơ mi họa tiết nữ tính FWWS23SS19C,549000
FWWS23SS20G-LSBB,Áo Sơ Mi Nữ Tay Dài Thanh Lịch FWWS23SS20G-LSBB,599000
FWWS23SS21G-SSBB,Áo Sơ Mi Nữ Tay Ngắn Thanh Lịch  FWWS23SS21G-SSBB,549000
FWWS24FH01C,Áo Sơ Mi Kiểu Cách FWWS24FH01C,449000
FWWS24FH03C,Áo Sơ Mi Cổ Trụ Tay Ngắn FWWS24FH03C,399000
FWWS24FH04G,Áo Sơ Mi Nữ Thời Trang FWWS24FH04G,399000
FWWS24FH10C-SSBB,Áo Sơ Mi Tay Ngắn FWWS24FH10C-SSBB,449000
FWWS24FH11C-LSBB,Áo Sơ Mi Tay Dài FWWS24FH11C-LSBB,499000
FWWS24SS01G-C,Áo Sơ Mi Nữ Tay Dài Form Rộng FWWS24SS01G-C,399000
FWWS24SS02C-O,Áo Sơ Mi Tay Dài Basic FWWS24SS02C-O,399000
FWWS24SS03G-C,Áo Sơ Mi Nữ Dáng Ngắn FWWS24SS03G-C,499000
FWWS24SS04G-C,Áo Sơ Mi Nữ Dáng Ngắn FWWS24SS04G-C,399000
FWWS24SS07C,Áo Sơ Mi Nữ Tay Dài Thanh Lịch FWWS24SS07C,349000
FWWS24SS09C-O,Áo Sơ Mi Tay Dài Thanh Lịch FWWS24SS09C-O,429000
FWWS25SS01C,Áo Sơ Mi Nữ Thanh Lịch FWWS25SS01C,399000
FWWS25SS02C,Áo Sơ Mi Nữ Tối Giản FWWS25SS02C,449000
FWWS25SS03C,Áo Sơ Mi Nữ Thanh Lịch FWWS25SS03C,449000
FWWS25SS04C,Áo Sơ Mi Freelancer FWWS25SS04C,449000
FWWS25SS05G,Áo Sơ Mi Nữ Họa Tiết Thêu FWWS25SS05G,449000
FWWS25SS06G,Áo Sơ Mi Freelancer – FWWS25SS06G,449000
FWWS25SS10C,Áo Sát Nách Cổ Trụ FWWS25SS10C,449000
JK23FH10C-BZ,Áo Blazer Nam Dài Tay Lịch Lãm JK23FH10C-BZ,1950000
JK23SS01C-PACM,Áo Khoác In Họa Tiết JK23SS01C-PACM,1300000
JK24FH01P-JA,Áo Khoác Denim Thời Trang JK24FH01P-JA,900000
JK24FH02T-PA,Áo Khoác Nam Thời Trang JK24FH02T-PA,1200000
JK24FH03P-PA,Áo Khoác Nam Phong Cách JK24FH03P-PA,1500000
JK24FH04C-PA,Áo Khoác Nam Cá Tính JK24FH04C-PA,1500000
JK24FH05C-PA,Áo Khoác Nam Phong Cách JK24FH05C-PA,1200000
JK24FH06C-PB,Áo Khoác Nam Thời Trang JK24FH06C-PB,1400000
JK24FH07T-PB,Áo Khoác Nam Phong Cách JK24FH07T-PB,1600000
JK24FH08P-PB,Áo Khoác Phao Nam Tính JK24FH08P-PB,1500000
JK24FH09C-PB,Áo Khoác Nam Phong Cách JK24FH09C-PB,1500000
JK24FH10P-CA,Áo Khoác Nam Phong Cách JK24FH10P-CA,1200000
JK25FH02P-CT,Áo Khoác Nam Thời Trang JK25FH02P-CT,1500000
JK25FH03C-CT,Áo Khoác JK25FH03C-CT,1500000
JK25FH04C-PA,Áo Khoác Nam Cá Tính JK25FH04C-PA,1500000
JK25FH05P-PA,Áo Khoác Nam Cá Tính JK25FH05P-PA,1500000
JK25FH06P-PB,Áo Khoác Nam Phao Dày JK25FH06P-PB,1500000
JK25FH09P-KA,Áo Khoác Nam Cá Tính JK25FH09P-KA,1100000
JK25FH10T-KA,Áo Khoác Nam Thời Trang JK25FH10T-KA,1100000
JK25SS01T-PA,Áo Khoác Nam Thời Trang JK25SS01T-PA,1200000
JN23SS25-SL,Quần Jean Nam Form Ôm Thời Trang JN23SS25-SL,900000
JN24FH27C-RG,Quần Jeans Nam Form Vừa JN24FH27C-RG,900000
JN24FH28P-SL,Quần Jean Nam Form Ôm JN24FH28P-SL,900000
JN24FH29T-CL,Quần Jeans Nam Thời Trang JN24FH29T-CL,850000
JN24FH30-SL,Quần Jeans Nam Thời Trang JN24FH30-SL,900000
JN24FH31-RG,Quần Jeans Nam Form Vừa JN24FH31-RG,900000
JN24FH32P-SL,Quần Jeans Nam Form Ôm JN24FH32P-SL,900000
JN24FH33C-RG,Quần Jeans Form Vừa JN24FH33C-RG,900000
JN24FH34T-RG,Quần Jeans Nam Form Vừa JN24FH34T-RG,900000
JN24FH35P-SL,Quần Jeans Nam Form Ôm JN24FH35P-SL,900000
JN24FH36T-RG,Quần Jeans Nam Form Vừa JN24FH36T-RG,900000
JN24FH37C-SL,Quần Jeans Nam Form Ôm JN24FH37C-SL,900000
JN24SS15-SL,Quần Jean Nam Form Ôm JN24SS15-SL,900000
JN24SS18T-RGUS,Quần Jean Nam Tính Co Giãn JN24SS18T-RGUS,900000
JN24SS20T-RGUS,Quần Jean Nam JN24SS20T-RGUS,900000
JN24SS21T-RGUS,Quần Jeans Form Vừa JN24SS21T-RGUS,900000
JN24SS22C-CL,Quần Jeans Nam Form Rộng JN24SS22C-CL,850000
JN24SS23-RG,Quần Jeans Nam Form Vừa JN24SS23-RG,900000
JN24SS24-RG,Quần Jeans Nam Form Vừa JN24SS24-RG,900000
JN24SS25-RG,Quần Jeans Nam Form Vừa JN24SS25-RG,900000
JN24SS26-SL,Quần Jeans Nam Form Ôm JN24SS26-SL,900000
JN25FH34T-SL,Quần Jeans Nam Form Ôm JN25FH34T-SL,900000
JN25FH35P-SL,Quần Jeans Nam Form Ôm JN25FH35P-SL,900000
JN25FH36C-RG,Quần Jeans Nam Form Vừa JN25FH36C-RG,900000
JN25FH37C-RG,Quần Jeans Nam Form Vừa JN25FH37C-RG,900000
JN25FH38C-RG,Quần Jeans Nam Form Vừa JN25FH38C-RG,900000
JN25FH39C-SL,Quần Jeans Nam Form Ôm JN25FH39C-SL,900000
JN25FH40T-CL,Quần Jeans Nam Form Rộng JN25FH40T-CL,900000
JN25FH41P-RG,Quần Jeans Nam Form Vừa JN25FH41P-RG,900000
JN25FH42P-RG,Quần Jeans Nam Form Vừa JN25FH42P-RG,900000
JN25FH43T-RG,Quần Jeans Nam Form Vừa JN25FH43T-RG,900000
JN25FH45P-SL,Quần Jean JN25FH45P-SL,900000
JN25FH46P-CR,Quần Jeans Nam Form Carrot Fit JN25FH46P-CR,900000
JN25FH47T-SL,Quần Jeans Nam Form Ôm JN25FH47T-SL,900000
JN25FH48T-RG,Quần Jeans Nam Form Vừa JN25FH48T-RG,900000
JN25SS01P-SL,Quần Jeans Nam Form Ôm JN25SS01P-SL,900000
JN25SS02P-RG,Quần Jeans Nam Form Vừa JN25SS02P-RG,900000
JN25SS03P-SL,Quần Jeans Nam Form Ôm JN25SS03P-SL,900000
JN25SS04P-RG,Quần Jeans Form Vừa JN25SS04P-RG,900000
JN25SS05P-RG,Quần Jeans Nam Form Vừa JN25SS05P-RG,900000
JN25SS06P-CL,Quần Jeans Nam Form Rộng JN25SS06P-CL,900000
JN25SS09P-RG,Quần Jeans Nam Form Vừa JN25SS09P-RG,900000
JN25SS10C-RG,Quần Jeans Nam Form Vừa JN25SS10C-RG,900000
JN25SS13C-SL,Quần Jeans Nam Form Ôm JN25SS13C-SL,900000
JN25SS14C-SL,Quần Jeans Nam Form Ôm JN25SS14C-SL,900000
JN25SS15C-RG,Quần Jeans Nam Form Vừa JN25SS15C-RG,900000
JN25SS16C-CL,Quần Jeans Nam Form Rộng JN25SS16C-CL,850000
JN25SS18T-SL,Quần Jeans Nam Form Ôm JN25SS18T-SL,900000
JN25SS19T-RG,Quần Jeans Nam Form Vừa JN25SS19T-RG,900000
JN25SS20C-RG,Quần Jeans Nam Form Vừa JN25SS20C-RG,900000
JN25SS21C-RG,Quần Jeans Nam Form Vừa JN25SS21C-RG,900000
JN25SS22C-SL,Quần Jeans Nam Form Ôm JN25SS22C-SL,900000
JN25SS23C-SL,Quần Jeans Nam Form Ôm JN25SS23C-SL,900000
JN25SS25T-SL,Quần Jeans Nam Form Ôm JN25SS25T-SL,900000
JN25SS26C-RG,Quần Jeans Nam Form Vừa JN25SS26C-RG,900000
JN25SS27P-SL,Quần Jeans Nam Form Ôm JN25SS27P-SL,900000
JN25SS28T-RG,Quần Jeans Nam Form Vừa JN25SS28T-RG,900000
JN25SS29P-RX,Quần Jeans Nam Form Rộng JN25SS29P-RX,900000
JN25SS30C-RG,Quần Jeans Nam Form Vừa JN25SS30C-RG,900000
JN25SS31T-CL,Quần Jeans Nam Form Rộng JN25SS31T-CL,900000
JN25SS32T-RG,Quần Jeans Nam Form Vừa JN25SS32T-RG,900000
JN25SS33P-RG,Quần Jeans Nam Form Vừa JN25SS33P-RG,900000
KP24FH08P-NM,Quần Khaki Nam Form Ôm KP24FH08P-NM,900000
KP24FH09P-NMWF,Quần Khaki Nam Form Ôm Lịch Lãm KP24FH09P-NMWF,900000
KP24FH10P-NMWFRG,Quần Khaki Form Vừa KP24FH10P-NMWFRG,900000
KP24FH11T-NMWFSL,Quần Khaki Nam Form Ôm KP24FH11T-NMWFSL,900000
KP24SS05T-NM,Quần Khaki Nam Kiểu Dáng Basic KP24SS05T-NM,650000
KP24SS06C-NMWF,Quần Khaki Nam Form Vừa KP24SS06C-NMWF,900000
KP24SS07P-NMWF,QUẦN KHAKI NAM THANH LỊCH KP24SS07P-NMWF,850000
KP25FH16T-NMSL,Quần Khaki Nam Form Ôm KP25FH16T-NMSL,800000
KP25FH18C-NMSC,Quần Khaki Nam Form Vừa KP25FH18C-NMSC,850000
KP25FH20C-NMWFRG,Quần Khaki Nam Form Vừa KP25FH20C-NMWFRG,900000
KP25FH21T-NM,Quần Jogger Nam Cá Tính KP25FH21T-NM,850000
KP25SS01C-NMSC,Quần Khaki Nam Form Vừa KP25SS01C-NMSC,990000
KP25SS02P-EPWFSC,Quần Khaki Nam Form Ôm Thoải Mái KP25SS02P-EPWFSC,900000
KP25SS03C-NMSC,Quần Khaki Nam Form Vừa KP25SS03C-NMSC,990000
KP25SS04P-EPWFSC,Quần Tây Nam Form Ôm KP25SS04P-EPWFSC,900000
KP25SS05T-NMWFRG,Quần Khaki Nam Form Vừa KP25SS05T-NMWFRG,900000
KP25SS06T-NMWFSL,Quần Khaki Nam Form Ôm KP25SS06T-NMWFSL,900000
KP25SS07T-NM,Quần Jogger Nam Thời Trang KP25SS07T-NM,590000
KP25SS08C-JN,Quần Khaki Jeans Nam Form Ôm KP25SS08C-JN,700000
KP25SS09P-NMSL,Quần Khaki Nam Form Ôm KP25SS09P-NMSL,850000
KP25SS12C-JNSL,Quần Khaki Nam Form Ôm KP25SS12C-JNSL,800000
KP25SS13P-NMRG,Quần Khaki Nam Form Vừa KP25SS13P-NMRG,850000
KP25SS14C-RG,Quần Khaki Nam Form Vừa KP25SS14C-RG,800000
KP25SS15P-NMSC,Quần Khaki Nam Form Ôm Vừa KP25SS15P-NMSC,800000
KS22FH66T-LS,Áo thun nam cổ bẻ tay dài form vừa KS22FH66T-LS,900000
KS22FH67C-LS,Áo thun nam cổ bẻ tay dài form vừa KS22FH67C-LS,900000
KS22FH69C-LS,Áo thun nam cổ bẻ tay dài form vừa KS22FH69C-LS,900000
KS22SS38T-SCWK,Áo thun cổ bẻ tay ngắn phối viền KS22SS38T-SCWK,600000
KS23ES01C-SCCA,Áo polo café tay ngắn KS23ES01C-SCCA,700000
KS23ES02P-SCCA,Áo Polo Nam Tay Ngắn KS23ES02P-SCCA,700000
KS23ES03T-SCWK,ÁO POLO KIỂU DÁNG THỜI TRANG KS23ES03T-SCWK,500000
KS23FH16C-SCHE,Áo Polo Tay Ngắn Sọc Ngang KS23FH16C-SCHE,980000
KS23FH53C-LS,Áo Polo Cổ Bẻ Lịch Lãm KS23FH53C-LS,980000
KS23FH56P-LS,Áo Polo Tay Dài Form Vừa KS23FH56P-LS,980000
KS23FH57T-LS,Áo Polo Tay Dài Cổ Đổ KS23FH57T-LS,980000
KS23SS23C-SCCA,Áo Polo Nam Tay Ngắn Form Vừa KS23SS23C-SCCA,700000
KS23SS30C-SCCA,Áo Polo Nam Tay Ngắn Cổ Bẻ KS23SS30C-SCCA,700000
KS24ES04T-SCCA,Áo Polo Nam Tay Ngắn Form Vừa KS24ES04T-SCCA,700000
KS24ES66C-SC,Áo Polo Nam Form Vừa Tay Ngắn KS24ES66C-SC,500000
KS24ES67P-SC,Áo Polo Nam Tay Ngắn Form Vừa KS24ES67P-SC,600000
KS24FH21T-SCHE,Áo Polo Phong Cách Trẻ Trung KS24FH21T-SCHE,980000
KS24FH22T-SCHE,Áo Polo Tay Ngắn Form Vừa KS24FH22T-SCHE,800000
KS24FH24C-SCHE,Áo Polo Nam Tay Ngắn Form Vừa KS24FH24C-SCHE,980000
KS24FH25C-SCHE,Áo Polo Nam Form Vừa Tay Ngắn KS24FH25C-SCHE,980000
KS24FH49C-SCCA,Áo Polo Nam Form Vừa Tay Ngắn KS24FH49C-SCCA,700000
KS24FH51C-SCCA,Áo Polo Nam Form Vừa Tay Ngắn KS24FH51C-SCCA,700000
KS24FH52C-SCWK,Áo Polo Nam Tay Ngắn Form Vừa KS24FH52C-SCWK,550000
KS24FH53C-SCWK,Áo Polo Nam Tay Ngắn Form Vừa KS24FH53C-SCWK,550000
KS24FH54C-SC,Áo Polo Nam Tay Ngắn Form Vừa KS24FH54C-SC,600000
KS24FH55P-SCCA,Áo Polo Form Vừa Tay Ngắn KS24FH55P-SCCA,700000
KS24FH56P-SCWK,Áo Polo Form Vừa KS24FH56P-SCWK,550000
KS24FH57P-SC,Áo Polo Form Vừa Tay Ngắn KS24FH57P-SC,600000
KS24FH58T-LS,Áo Polo Form Vừa Tay Dài KS24FH58T-LS,800000
KS24FH59C-SC,Áo Polo Form Vừa Tay Ngắn KS24FH59C-SC,600000
KS24FH70P-SC,Áo Polo Tay Ngắn Form Vừa KS24FH70P-SC,600000
KS24SS01C-SCHE,Áo Polo Nam Tay Ngắn Form Vừa KS24SS01C-SCHE,980000
KS24SS03T-SCHE,Áo Polo Nam Tay Ngắn Form Vừa KS24SS03T-SCHE,980000
KS24SS05T-SCHE,Áo Polo Form Vừa Tay Ngắn KS24SS05T-SCHE,980000
KS24SS06C-SCHE,Áo Polo Nam From Vừa Tay Ngắn KS24SS06C-SCHE,980000
KS24SS08T-SCWK,Áo Polo Nam Tay Ngắn Form Vừa KS24SS08T-SCWK,600000
KS24SS11T-SCHE,Áo Polo Nam Tay Ngắn Form Vừa KS24SS11T-SCHE,980000
KS24SS14C-SCCA,Áo Polo Nam Form Vừa Tay Ngắn KS24SS14C-SCCA,700000
KS24SS19C-SCCA,Áo Polo Tay Ngắn Form Vừa KS24SS19C-SCCA,700000
KS25ES09T-SCCA,Áo Polo Tay Ngắn Form Vừa KS25ES09T-SCCA,600000
KS25ES28T-SCCA,Áo Polo Form Vừa Tay Ngắn KS25ES28T-SCCA,700000
KS25ES56P-SCWK,Áo Polo Tay Ngắn Form Vừa KS25ES56P-SCWK,500000
KS25FH43C-SCCA,Áo Polo Nam Tay Ngắn Form Vừa KS25FH43C-SCCA,700000
KS25FH44C-SCCA,Áo Polo Nam Form Vừa KS25FH44C-SCCA,700000
KS25FH45C-SCCA,Áo Polo Nam Tay Ngắn Form Vừa KS25FH45C-SCCA,700000
KS25FH46T-SCCA,Áo Polo Nam Tay Ngắn Form Vừa KS25FH46T-SCCA,700000
KS25FH49C-SLWK,Áo Polo Nam Form Ôm Tay Ngắn KS25FH49C-SLWK,550000
KS25FH57C-SC,Áo Polo Nam Tay Ngắn Form Vừa KS25FH57C-SC,550000
KS25FH58C-SC,Áo Polo Nam Tay Ngắn Form Vừa KS25FH58C-SC,700000
KS25SS01P-SCWK,Áo Polo Tay Ngắn Form Vừa KS25SS01P-SCWK,550000
KS25SS04T-SCWK,Áo Polo Tay Ngắn Form Vừa KS25SS04T-SCWK,550000
KS25SS05C-SLWK,Áo Polo Tay Ngắn Form Ôm KS25SS05C-SLWK,550000
KS25SS06C-SCHE,Áo Polo Tay Ngắn Form Vừa KS25SS06C-SCHE,800000
KS25SS07T-SCHE,Áo Polo Tay Ngắn Form Vừa KS25SS07T-SCHE,800000
KS25SS08C-SCHE,Áo Polo Nam Tay Ngắn Form Vừa KS25SS08C-SCHE,980000
KS25SS10C-SCCA,Áo Polo Nam Tay Ngắn Form Vừa KS25SS10C-SCCA,700000
KS25SS11C-SCCA,Áo Polo Nam Tay Ngắn Form Vừa KS25SS11C-SCCA,700000
KS25SS12P-SC,Áo Polo Tay Ngắn Form Vừa KS25SS12P-SC,700000
KS25SS14P-SC,Áo Polo Nam Tay Ngắn Form Vừa KS25SS14P-SC,700000
KS25SS15C-SC,Áo Polo Nam Tay Ngắn Form Vừa KS25SS15C-SC,700000
KS25SS16C-SCHE,Áo Polo Nam Tay Ngắn Form Vừa KS25SS16C-SCHE,980000
KS25SS17T-SC,Áo Polo Nam Tay Ngắn Form Vừa KS25SS17T-SC,700000
KS25SS18C-SC,Áo Polo Nam Tay Ngắn Form Vừa KS25SS18C-SC,890000
KS25SS19P-SC,Áo Polo Tay Ngắn Form Vừa KS25SS19P-SC,890000
KS25SS20P-SC,Áo Polo Nam Tay Ngắn Form Vừa KS25SS20P-SC,890000
KS25SS21T-SC,Áo Polo Nam Tay Ngắn Form Vừa KS25SS21T-SC,890000
KS25SS22T-SC,Áo Polo Nam Tay Ngắn Form Vừa KS25SS22T-SC,890000
KS25SS24P-SCHE,Áo Polo Nam Tay Ngắn Form Vừa KS25SS24P-SCHE,980000
KS25SS25P-SCHE,Áo Polo Nam Tay Ngắn Form Vừa KS25SS25P-SCHE,980000
KS25SS26C-SCHE,Áo Polo Nam Form Vừa Tay Ngắn KS25SS26C-SCHE,980000
KS25SS27T-SCWK,Áo Polo Form Vừa Tay Ngắn KS25SS27T-SCWK,550000
KS25SS30T-SCWK,Áo Polo Form Vừa Tay Ngắn KS25SS30T-SCWK,550000
KS25SS31T-SCWK,Áo Polo Nam Form Vừa Tay Ngắn KS25SS31T-SCWK,550000
KS25SS32C-SCHE,Áo Polo Nam Form Vừa Tay Ngắn KS25SS32C-SCHE,980000
KS25SS34P-SC,Áo Polo Nam Form Vừa Tay Ngắn KS25SS34P-SC,550000
KS25SS35T-SCWK,Áo Polo Nam Form Vừa Tay Ngắn KS25SS35T-SCWK,550000
KS25SS36T-SCHE,Áo Polo Nam Form Vừa Tay Ngắn KS25SS36T-SCHE,800000
KS25SS38C-SCHE,Áo Polo Tay Ngắn Form Vừa KS25SS38C-SCHE,980000
FWSG23SS02G,Mắt Kính FWSG23SS02G,349000
FWSG23SS03G,Mắt Kính FWSG23SS03G,349000
CA26SS06P,Mũ Lưỡi Trai Thời Trang CA26SS06P,299000
CA26SS07M,Mũ Lưỡi Trai Thời Trang CA26SS07M,299000
CA26SS10C,Mũ Lưỡi Trai Thời Trang CA26SS10C,299000
CA26SS14P,Mũ Lưỡi Trai Thời Trang CA26SS14P,299000
CA26SS15C,Mũ Lưỡi Trai Thời Trang CA26SS15C,299000
FWJN25FH04G,Quần Jeans Xanh Hoa Đắp Vải Trần Chỉ FWJN25FH04G,699000
FWJN25FH05G,Quần Jeans Ống Rộng – FWJN25FH05G,649000
FWJN25SS11C,Quần Jeans Skinny Xanh Đậm FWJN25SS11C,650000
FWSP25SS07C,Quần Short Nữ Lưng Cao FWSP25SS07C,349000
FWDP25FH08C,Quần Tây Nữ Màu Nâu – FWDP25FH08C,449000
FWDP25FH09C,Quần Tây Lửng Màu Beige FWDP25FH09C,429000
FWDP25SS01C,Quần Tây Nữ Xám Ống Rộng FWDP25SS01C,599000
FWDP25SS07C,Quần Tây Nữ Form Ôm FWDP25SS07C,499000
SG24FH04P,Mắt Kính Thời Trang SG24FH04P,299000
SK24FH01C-HG,Vớ Cố Cao SK24FH01C-HG,100000
SK24FH02C-SH,Vớ Cổ Ngắn SK24FH02C-SH,80000
SK24FH04T-MDCB,Combo 3 Vớ Cổ Trung SK24FH04T-MDCB,199000
SK24FH05P-SH,Vớ SK24FH05P-SH,80000
SK24FH07C-HGDP,Vớ Cổ Cao SK24FH07C-HGDP,100000
SO24FH04P-SA,Dép Kẹp Nam SO24FH04P-SA,550000
SO25FH06P-SA,Dép Kẹp Tiện Lợi SO25FH06P-SA,550000
SO25FH07P-SA,Dép Quai Ngang SO25FH07P-SA,250000
SO25FH09P-SA,Dép Nam Da Thật SO25FH09P-SA,550000
SO25FH15P-DS,Giày Tây Nam SO25FH15P-DS,1200000
SO25SS01P-DS,Giày Công Sở SO25SS01P-DS,1290000
SO25SS02P-DS,Giày Tây Nam SO25SS02P-DS,1290000
SO25SS03P-CS,Giày Sneaker Nam Cá Tính SO25SS03P-CS,1290000
SO25SS04P-CS,Giày Sneaker Nam SO25SS04P-CS,1290000
SP22SS01-JN,Quần short jeans nam form vừa SP22SS01-JN,600000
SP24FH11C-AK,QUẦN SHORT PHONG CÁCH TRẺ TRUNG SP24FH11C-AK,600000
SP24FH12C-AKJN,Quần Short Jeans Form Vừa SP24FH12C-AKJN,600000
SP24FH14T-JN,Quần Short Jeans Form Vừa SP24FH14T-JN,600000
SP24FH15C-AK,Quần Short Nam Thời Trang SP24FH15C-AK,600000
SP24FH16C-NM,Quần Short Nam Form Vừa SP24FH16C-NM,600000
SP24FH17P-AKJN,Quần Short Jeans Form Vừa SP24FH17P-AKJN,600000
SP24FH18P-AKJN,Quần Short Nam Thời Trang SP24FH18P-AKJN,600000
SP24SS02C-AK,Quần Short Trên Đầu Gối Nam Cá Tính SP24SS02C-AK,550000
SP24SS03P-AK,Quần Short Jeans Nam Năng Động SP24SS03P-AK,600000
SP24SS04-JN,Quần Short Jeans Nam Năng Động SP24SS04-JN,600000
SP24SS05-AKJN,Quần Short Jean Nam Cá Tính SP24SS05-AKJN,600000
SP24SS06T-JN,Quần Short Jeans Nam Cá Tính SP24SS06T-JN,600000
SP24SS07T-AK,Quần Short Nam Cá Tính SP24SS07T-AK,600000
SP24SS09C-JN,Quần Short Jeans Nam Cá Tính SP24SS09C-JN,600000
SP24SS10C-AK,Quần Short Nam Thời Trang SP24SS10C-AK,600000
SP25FH20C-AK,Quần Short Form Trên Gối SP25FH20C-AK,600000
SP25FH21T-AKJN,Quần Short Nam Cá Tính SP25FH21T-AKJN,600000
SP25FH23P-AK,Quần Short Nam Form Trên Gối SP25FH23P-AK,600000
SP25FH24P-AK,Quần Short SP25FH24P-AK,600000
SP25FH26P-AK,Quần Short Nam Form Trên Gối SP25FH26P-AK,600000
SP25FH27T-AKJN,Quần Short Nam Form Trên Gối SP25FH27T-AKJN,600000
SP25FH32P-AK,Quần Short Nam Năng Động SP25FH32P-AK,600000
SP25SS01C-AK,Quần Short Nam Năng Động SP25SS01C-AK,690000
SP25SS02C-NM,Quần Short Nam Form Vừa SP25SS02C-NM,690000
SP25SS03P-AKJN,Quần Short Nam Form Trên Gối SP25SS03P-AKJN,600000
SP25SS04C-JN,Quần Short Jeans Nam Form Vừa SP25SS04C-JN,600000
SP25SS05T-JN,Quần Short Jeans Form Vừa SP25SS05T-JN,600000
SP25SS06T-AKJN,Quần Short Jeans Form Vừa SP25SS06T-AKJN,600000
SP25SS07C-JN,Quần Short Jeans Form Vừa SP25SS07C-JN,600000
SP25SS08P-AK,Quần Short Nam Form Vừa SP25SS08P-AK,500000
SP25SS09P-AK,Quần Short Nam Thời Trang SP25SS09P-AK,500000
SP25SS10P-AK,Quần Short Nam Form Vừa SP25SS10P-AK,500000
SP25SS11T-AK,Quần Short Nam Cá Tính SP25SS11T-AK,500000
SP25SS12P-AK,Quần Short Nam Form Trên Gối SP25SS12P-AK,600000
SP25SS13T-AK,Quần Short Nam Năng Động SP25SS13T-AK,490000
SP25SS14T-AK,Quần Short Nam Form Trên Gối SP25SS14T-AK,600000
SP25SS15T-NM,Quần Short Nam Form Vừa SP25SS15T-NM,600000
SP25SS16P-RXJN,Quần Short Form Rộng SP25SS16P-RXJN,690000
SP25SS17C-AKJN,Quần Short Jean Form Trên Gối SP25SS17C-AKJN,600000
SP25SS18C-AK,Quần Short Nam Form Trên Gối SP25SS18C-AK,600000
SP25SS19C-NM,Quần Short Nam Form Vừa SP25SS19C-NM,600000
SS24SPT01TW,Quần Short Nam Năng Động SS24SPT01TW,600000
SS24SPT02TW,Quần Short Năng Động SS24SPT02TW,800000
SS24SS02TW,Áo Sơ Mi Tay Ngắn SS24SS02TW,600000
SS24TS01TW,Áo Thun Tay Ngắn SS24TS01TW,500000
SS24TS02TW,Áo Thun Tay Ngắn SS24TS02TW,500000
SS24TS03TW,Áo Thun Tay Ngắn SS24TS03TW,500000
SS24TS04TW,Áo Thun Tay Ngắn SS24TS04TW,500000
SS24TS05TW,Áo Thun Tay Ngắn SS24TS05TW,500000
SS24TS06TW,Áo Thun Tay Ngắn SS24TS06TW,500000
SS24TS07TW,Áo Thun Tay Ngắn SS24TS07TW,500000
SS24TS08TW,Áo Thun Tay Ngắn SS24TS08TW,500000
SW21FH20C-SA,Áo len cổ tròn tay ngắn sọc ngang SW21FH20C-SA,650000
SW22FH01T-LA,Áo len tay dài cổ tròn SW22FH01T-LA,750000
SW22FH02P-LA,Áo len nam cổ tròn tay dài SW22FH02P-LA,750000
SW22FH04T-LA,Áo len form vừa cổ tim SW22FH04T-LA,750000
SW22FH06P-LB,Áo len cổ tròn SW22FH06P-LB,850000
SW22FH07P-LB,Áo len dày cổ tròn SW22FH07P-LB,850000
SW22FH08C-LB,Áo len tay dài cổ tròn SW22FH08C-LB,850000
SW22FH11C-GL,Áo len gile nam cổ tim SW22FH11C-GL,650000
SW22FH12T-SA,Áo len nam cổ bẻ tay ngắn raglan SW22FH12T-SA,750000
SW23FH02T-SA,Áo Len Polo Cổ Bẻ Tay Ngắn SW23FH02T-SA,700000
SW23FH03C-SA,Áo Len Polo Tay Ngắn SW23FH03C-SA,700000
SW23FH04T-LA,Áo Len Cổ Tròn SW23FH04T-LA,800000
SW23FH06C-GL,Áo Len Gile Nam Cổ Tim SW23FH06C-GL,650000
SW23FH07C-GL,Áo Len Gile Nam Cổ Tim SW23FH07C-GL,650000
SW24FH01C-LA,Áo Len Nam Tay Dài Cổ Tròn SW24FH01C-LA,800000
SW24FH02P-SA,Áo Len Nam Tay Ngắn Form Vừa SW24FH02P-SA,800000
SW24FH03T-LB,Áo Len Tay Dài Cổ Bẻ SW24FH03T-LB,800000
SW24FH04C-LA,Áo Len Tay Dài Cổ Tròn SW24FH04C-LA,800000
SW25FH01P-SA,Áo Len SW25FH01P-SA,750000
SW25FH03P-SA,Áo Len Nam Tay Ngắn Form Vừa SW25FH03P-SA,800000
SW25FH04M-LB,Áo Len Nam Tay Dài Form Vừa SW25FH04M-LB,800000
TK23SS03C-RG,Áo Thun Nam Sát Nách TK23SS03C-RG,400000
TK23SS04C-RG,Áo Tanktop Nam Sát Nách Form Vừa TK23SS04C-RG,400000
TK23SS05C-SC,Áo Tanktop Nam Sát Nách Form Vừa TK23SS05C-SC,400000
TK24SS03P-RG,Áo Thun Nam Sát Nách TK24SS03P-RG,320000
TS22FH34C-LS,Áo thun nam tay dài&nbsp;TS22FH34C-LS,700000
TS22FH37T-LS,Áo thun nam cổ tim tay dài TS22FH37T-LS,700000
TS22SS02C-LS,Áo thun cổ tròn tay dài TS22SS02C-LS,600000
TS22SS07-LS,Áo thun cổ tròn tay dài TS22SS07-LS,600000
TS22SS15P-RGWK,Áo thun nam cổ tròn form vừa TS22SS15P-RGWK,450000
TS23FH16C-LS,Áo Thun Cổ Tròn Tay Dài Form Vừa TS23FH16C-LS,800000
TS23FH18C-LSLE,Áo Thun Cổ Tròn Tay Dài From Rộng TS23FH18C-LSLE,800000
TS23FH19T-LS,Áo Thun Form Vừa Cổ Tròn Tay Dài TS23FH19T-LS,800000
TS23FH20T-LSLE,Áo Thun Form Rộng Cổ Tròn Tay Dài TS23FH20T-LSLE,800000
TS23FH21P-LS,Áo Thun Cổ Tròn Tay Dài Nam Tính TS23FH21P-LS,800000
TS23FH22P-LS,Áo Thun TS23FH22P-LS,800000
TS23SS08P-RGUS,Áo Thun Tay Ngắn In Họa Tiết TS23SS08P-RGUS,500000
TS23SS10T-RGUS,Áo Thun Nam Tay Ngắn Cổ Tròn TS23SS10T-RGUS,500000
TS24FH17C-RGUS,Áo Thun Form Vừa Tay Ngắn TS24FH17C-RGUS,420000
TS24FH19T-RGUS,Áo Thun Nam Tay Ngắn Form Vừa TS24FH19T-RGUS,420000
TS24FH24T-LS,Áo Thun Nam Tay Dài Form Vừa TS24FH24T-LS,700000
TS24SS01C-RGUS,Áo Thun Nam Form Vừa Tay Ngắn TS24SS01C-RGUS,500000
TS24SS02P-RGUS,Áo Thun Nam Form Vừa Tay Ngắn TS24SS02P-RGUS,500000
TS24SS05C-RGUS,Áo Thun Nam Form Vừa Tay Ngắn TS24SS05C-RGUS,500000
TS24SS07C-RGUS,Áo Thun Tay Ngắn Form Vừa TS24SS07C-RGUS,500000
TS24SS11T-RX,Áo Thun Nam Form Vừa Tay Ngắn TS24SS11T-RX,450000
TS24SS14C-RGUS,Áo Thun Tay Ngắn Form Vừa TS24SS14C-RGUS,500000
TS24SS15C-RGUS,Áo Thun Tay Ngắn Form Vừa TS24SS15C-RGUS,500000
TS25EC02T-RGUS,Áo Thun Nam Tay Ngắn Form Vừa TS25EC02T-RGUS,299000
TS25EC06P-RGUS,Áo Thun Nam Form Vừa Tay Ngắn TS25EC06P-RGUS,299000
TS25EC07P-RGUS,Áo Thun Tay Ngắn Form Vừa TS25EC07P-RGUS,299000
TS25EC08P-RGUS,Áo Thun Nam Tay Ngắn Form Vừa TS25EC08P-RGUS,299000
TS25EC10C-RGUS,Áo Thun Nam Tay Ngắn Form Vừa TS25EC10C-RGUS,299000
TS25EC11C-RGUS,Áo Thun Nam Form Vừa TS25EC11C-RGUS,299000
TS25FH19T-RGUS,Áo Thun Nam Tay Ngắn Form Vừa TS25FH19T-RGUS,420000
TS25FH22C-LS,Áo Hoodie Nam Tay Dài TS25FH22C-LS,800000
TS25SS09C-RGUS,Áo Thun Nam Form Vừa Tay Ngắn TS25SS09C-RGUS,420000
TS25SS12C-RGUS,Áo Thun Nam Tay Ngắn Form Vừa TS25SS12C-RGUS,420000
TS25SS15P-RG,Áo Thun Nam Tay Ngắn Form Vừa TS25SS15P-RG,450000
TS25SS16C-RGUS,Áo Thun Form Vừa Tay Ngắn TS25SS16C-RGUS,390000
TS25SS17P-RX,Áo Thun Tay Ngắn Form Rộng TS25SS17P-RX,450000
TS25SS18P-RGUS,Áo Thun Nam Form Vừa Tay Ngắn TS25SS18P-RGUS,390000
TS25SS25P-RGUS,Áo Thun Tay Ngắn Form Vừa TS25SS25P-RGUS,390000
WS23ES35C-SDBB,Áo Sơ Mi Nam Tay Ngắn WS23ES35C-SDBB,700000
WS23ES36T-LDBB,Áo Sơ Mi Tay Dài Lịch Lãm WS23ES36T-LDBB,800000
WS23ES41T-LDBB,Áo Sơ Mi Form Vừa Tay Dài WS23ES41T-LDBB,800000
WS23FH32C-LCBB,Áo Sơ Mi Nam Form Vừa Caro WS23FH32C-LCBB,800000
WS23FH50P-LD,Áo Sơ Mi Tay Dài Lịch Lãm WS23FH50P-LD,800000
WS23SS01C-SC,Áo Sơ Mi Nam Tay Ngắn Năng Động WS23SS01C-SC,600000
WS23SS03P-LC,Áo Sơ Mi Nam Tay Dài WS23SS03P-LC,700000
WS23SS07P-LC,Áo sơ mi nam tay dài WS23SS07P-LC,800000
WS24ES04C-LDBB,Áo Sơ Mi Form Vừa Tay Dài WS24ES04C-LDBB,800000
WS24ES07C-SDBB,Áo Sơ Mi Form Vừa WS24ES07C-SDBB,700000
WS24ES50T-SD,Áo Sơ Mi Tay Ngắn Form Vừa WS24ES50T-SD,650000
WS24ES52C-SD,Áo Sơ Mi Công Sở Ngắn WS24ES52C-SD,700000
WS24ES59C-LDBB,Áo Sơ Mi Tay Dài WS24ES59C-LDBB,800000
WS24ES60C-SDBB,ÁO SƠ MI CÔNG SỞ KIỂU DÁNG THỜI TRANG WS24ES60C-SDBB,700000
WS24FH38T-SC,Áo Sơ Mi Nam Tay Ngắn WS24FH38T-SC,700000
WS24FH39P-SC,Áo Sơ Mi Nam Tay Ngắn WS24FH39P-SC,700000
WS24FH45C-LCBB,SƠ MI TAY DÀI DÁNG TRẺ TRUNG WS24FH45C-LCBB,800000
WS24FH46T-LDBB,ÁO SƠ MI CÔNG SỞ KIỂU DÁNG LỊCH LÃM WS24FH46T-LDBB,800000
WS24FH54P-LC,Áo Sơ Mi WS24FH54P-LC,700000
WS24FH55C-SD,Áo Sơ Mi Tay Ngắn Form Vừa WS24FH55C-SD,549000
WS24FH57T-SDBB,Áo Sơ Mi Công Sở Tay Ngắn WS24FH57T-SDBB,650000
WS24FH58P-LD,Áo Sơ Mi Nam Tay Dài Form Vừa WS24FH58P-LD,700000
WS24FH61C-SCRX,Áo Sơ Mi Tay Ngắn WS24FH61C-SCRX,700000
WS24FH62C-SD,Áo Sơ Mi Tay Ngắn Form Vừa WS24FH62C-SD,700000
WS24FH63C-SDBB,Áo Sơ Mi Công Sở Tay Ngắn WS24FH63C-SDBB,700000
WS24FH64T-SD,Áo Sơ Mi Tay Ngắn WS24FH64T-SD,650000
WS24FH65T-LD,Áo Sơ Mi Nam Tay Dài Form Vừa WS24FH65T-LD,750000
WS24FH66T-LDBB,Áo Sơ Mi Tay Dài Form Ôm WS24FH66T-LDBB,800000
WS24FH67P-LD,Áo Sơ Mi Tay Dài Form Ôm WS24FH67P-LD,700000
WS24FH68P-SD,Áo Sơ Mi Nam Tay Ngắn Form Ôm WS24FH68P-SD,600000
WS24FH69C-LD,Áo Sơ Mi Tay Dài Form Ôm WS24FH69C-LD,650000
WS24FH70T-SDBB,Áo Sơ Mi Tay Ngắn Form Vừa WS24FH70T-SDBB,700000
WS24FH71T-SDBB,Áo Sơ Mi Công Sở Tay Ngắn WS24FH71T-SDBB,700000
WS24FH72P-SC,Áo Sơ Mi Tay Ngắn WS24FH72P-SC,600000
WS24FH73T-SDBB,Áo Sơ Mi Tay Ngắn WS24FH73T-SDBB,700000
WS24FH74P-SDBB,Áo Sơ Mi Form Vừa Tay Ngắn WS24FH74P-SDBB,700000
WS24FH75P-SDBB,Áo Sơ Mi Tay Ngắn Form Ôm WS24FH75P-SDBB,700000
WS24FH76C-SDBB,Áo Sơ Mi Form Vừa WS24FH76C-SDBB,700000
WS24FH77C-SC,Áo Sơ Mi Tay Ngắn WS24FH77C-SC,600000
WS24FH78C-SDBB,Áo Sơ Mi Tay Ngắn Form Ôm WS24FH78C-SDBB,700000
WS24FH79C-LC,Áo Sơ Mi Nam Caro Form Ôm WS24FH79C-LC,800000
WS24FH80T-LCRG,Áo Sơ Mi Nam Tay Dài Form Vừa WS24FH80T-LCRG,800000
WS24FH81C-LC,Áo Sơ Mi Nam Tay Dài Form Ôm WS24FH81C-LC,800000
WS24FH82T-SDBB,Áo Sơ Mi Nam Tay Ngắn Form Vừa WS24FH82T-SDBB,700000
WS24FH83T-SCBB,Áo Sơ Mi Tay Ngắn Form Ôm WS24FH83T-SCBB,700000
WS24FH84T-SDBB,Áo Sơ Mi Tay Ngắn Form Ôm WS24FH84T-SDBB,700000
WS24FH85P-LCBB,Áo Sơ Mi Caro Tay Dài Form Ôm WS24FH85P-LCBB,800000
WS24FH86P-SCBB,Áo Sơ Mi Tay Ngắn WS24FH86P-SCBB,700000
WS24FH87P-LC,Áo Sơ Mi Nam Tay Dài WS24FH87P-LC,800000
WS24FH88P-SDBB,Áo Sơ Mi Nam Tay Ngắn Form Vừa WS24FH88P-SDBB,700000
WS24FH89T-SDBB,Áo Sơ Mi Nam Tay Ngắn Form Vừa WS24FH89T-SDBB,700000
WS24FH90P-LD,Áo Sơ Mi Form Ôm Tay Dài WS24FH90P-LD,800000
WS24FH91C-LDBB,Áo Sơ Mi Form Vừa Tay Dài WS24FH91C-LDBB,800000
WS24SS01C-SC,Áo Sơ Mi Nam Tay Ngắn Form Vừa WS24SS01C-SC,700000
WS24SS02T-SCBB,Áo Sơ Mi Form Vừa Tay Ngắn WS24SS02T-SCBB,700000
WS24SS05P-LC,Áo Sơ Mi Caro Tay Dài Form Vừa WS24SS05P-LC,800000
WS24SS09C-SDBB,Áo Sơ Mi Form Vừa WS24SS09C-SDBB,700000
WS24SS11P-LC,Áo Sơ Mi Caro Tay Dài Form Vừa WS24SS11P-LC,800000
WS24SS14P-SC,Áo Sơ Mi Nam Tay Ngắn Form Vừa WS24SS14P-SC,600000
WS24SS15P-SCRG,Áo Sơ Mi Denim Tay Ngắn WS24SS15P-SCRG,800000
WS24SS16P-LCRG,Áo Sơ Mi Denim Thời Trang WS24SS16P-LCRG,900000
WS24SS28P-LC,Áo Sơ Mi Nam Tay Dài WS24SS28P-LC,700000
WS24SS29P-SDBB,Áo Sơ Mi Ca-rô Form Vừa Tay Ngắn WS24SS29P-SDBB,700000
WS24SS31C-SC,Áo Sơ Mi Nam Tay Ngắn Form Vừa WS24SS31C-SC,650000
WS24SS33T-SD,Áo Sơ Mi Nam Form Vừa Tay Ngắn WS24SS33T-SD,700000
WS24SS34P-LC,Áo Sơ Mi Nam Form Vừa WS24SS34P-LC,700000
WS24SS35P-SC,Áo Sơ Mi Oxford Tay Ngắn Form Vừa WS24SS35P-SC,600000
WS24SS36P-SD,SƠ MI NAM COTTON CAO CẤP WS24SS36P-SD,650000
WS24SS37C-LD,Áo Sơ Mi Nam Form Vừa Tay Dài WS24SS37C-LD,800000
WS24SS40C-LDBB,Áo Sơ Mi Bamboo Tay Dài Có Túi WS24SS40C-LDBB,750000
WS24SS41P-SC,Áo Sơ Mi Nam Tay Ngắn WS24SS41P-SC,600000
WS24SS44P-SDBB,Áo Sơ Mi Form Vừa Tay Ngắn WS24SS44P-SDBB,700000
WS24SS47P-LC,Áo Sơ Mi Caro Tay Dài Form Vừa WS24SS47P-LC,800000
WS24SS49C-SD,Áo Sơ Mi Công Sở Tay Ngắn WS24SS49C-SD,700000
WS25FH58C-CFBB,Áo Sơ Mi Nam Tay Ngắn Form Comfort Fit WS25FH58C-CFBB,700000
WS25FH62T-CFBB,Áo Sơ Mi Nam Tay Ngắn Form Vừa WS25FH62T-CFBB,700000
WS25FH63P-LC,Áo Sơ Mi Nam Tay Dài Form Ôm WS25FH63P-LC,800000
WS25FH64C-CFBB,Áo Sơ Mi Nam Tay Ngắn Form Vừa WS25FH64C-CFBB,700000
WS25FH65P-SDBB,Áo Sơ Mi Nam Form Ôm Tay Ngắn WS25FH65P-SDBB,700000
WS25FH66C-CFBB,Áo Sơ Mi Nam Tay Ngắn Form Vừa WS25FH66C-CFBB,700000
WS25FH67C-LD,Áo Sơ Mi Nam Tay Dài Form Ôm WS25FH67C-LD,800000
WS25FH68C-SDBB,Áo Sơ Mi Nam Tay Ngắn Form Ôm WS25FH68C-SDBB,700000
WS25FH69T-CF,Áo Sơ Mi Nam Tay Ngắn WS25FH69T-CF,700000
WS25FH70T-SDBB,Áo Sơ Mi Nam Tay Ngắn Form Ôm WS25FH70T-SDBB,700000
WS25FH78P-CL,Áo Sơ Mi Nam Tay Ngắn Form Rộng WS25FH78P-CL,600000
WS25FH80T-SDBB,Áo Sơ Mi Nam Tay Ngắn Form Ôm WS25FH80T-SDBB,700000
WS25FH81P-SDBB,Áo Sơ Mi Nam Tay Ngắn Form Ôm WS25FH81P-SDBB,700000
WS25FH98T-LD,Áo Sơ Mi Nam Form Ôm Tay Dài WS25FH98T-LD,800000
WS25FH99T-SD,Áo Sơ Mi Nam Tay Ngắn Form Ôm WS25FH99T-SD,700000
WS25SS01C-SDBB,Áo Sơ Mi Tay Ngắn Form Ôm WS25SS01C-SDBB,700000
WS25SS03P-SDBB,Áo Sơ Mi Nam Tay Ngắn Form Ôm WS25SS03P-SDBB,700000
WS25SS04T-SC,Áo Sơ Mi Nam Form Ôm Tay Ngắn WS25SS04T-SC,700000
WS25SS05T-SDBB,Áo Sơ Mi Tay Ngắn Form Ôm WS25SS05T-SDBB,700000
WS25SS07P-SC,Áo Sơ Mi Nam Form Vừa Tay Ngắn WS25SS07P-SC,750000
WS25SS08P-SC,Áo Sơ Mi Tay Ngắn Form Ôm WS25SS08P-SC,750000
WS25SS09C-LC,Áo Sơ Mi Nam Tay Dài Form Ôm WS25SS09C-LC,800000
WS25SS10T-LC,Áo Sơ Mi Nam Tay Dài Form Ôm WS25SS10T-LC,800000
WS25SS12P-LDBB,Áo Sơ Mi Caro Tay Dài WS25SS12P-LDBB,800000
WS25SS14P-LDFSBB,Áo Sơ Mi Nam Tay Dài Form Ôm WS25SS14P-LDFSBB,800000
WS25SS15P-SDFSBB,Áo Sơ Mi Form Vừa Tay Ngắn WS25SS15P-SDFSBB,700000
WS25SS16C-SDFS,Áo Sơ Mi Nam Tay Ngắn Form Ôm WS25SS16C-SDFS,700000
WS25SS17C-SD,Áo Sơ Mi Tay Ngắn Form Ôm WS25SS17C-SD,700000
WS25SS18C-LD,Áo Sơ Mi Tay Dài Form Ôm WS25SS18C-LD,800000
WS25SS19C-SDBB,Áo Sơ Mi Nam Form Ôm Tay Ngắn WS25SS19C-SDBB,700000
WS25SS20P-LC,Áo Sơ Mi Nam Tay Dài Form Ôm WS25SS20P-LC,800000
WS25SS21P-LC,Áo Sơ Mi Tay Dài Form Vừa WS25SS21P-LC,800000
WS25SS22C-LDBB,Áo Sơ Mi Tay Dài WS25SS22C-LDBB,800000
WS25SS23T-LC,Áo Sơ Mi Nam Tay Dài Form Ôm WS25SS23T-LC,800000
WS25SS24P-SDBB,Áo Sơ Mi Nam Tay Ngắn Form Ôm WS25SS24P-SDBB,700000
WS25SS26C-SDBB,Áo Sơ Mi Tay Ngắn Form Ôm WS25SS26C-SDBB,700000
WS25SS27T-SDBB,Áo Sơ Mi Form Ôm Tay Ngắn WS25SS27T-SDBB,700000
WS25SS28P-SDBB,Áo Sơ Mi Tay Ngắn Form Ôm WS25SS28P-SDBB,700000
WS25SS29P-SC,Áo Sơ Mi Nam Tay Ngắn WS25SS29P-SC,700000
WS25SS30P-SD,Áo Sơ Mi Tay Ngắn Form Ôm WS25SS30P-SD,700000
WS25SS31P-LCBB,Áo Sơ Mi Nam Tay Dài Form Ôm WS25SS31P-LCBB,800000
WS25SS32P-SDBB,Áo Sơ Mi Tay Ngắn Form Ôm WS25SS32P-SDBB,700000
WS25SS33P-SDBB,Áo Sơ Mi Nam Tay Ngắn Form Ôm WS25SS33P-SDBB,700000
WS25SS35T-LCBB,Áo Sơ Mi Tay Dài Form Vừa WS25SS35T-LCBB,800000
WS25SS36T-SDBB,Áo Sơ Mi Nam Tay Ngắn Form Ôm WS25SS36T-SDBB,700000
WS25SS37T-SDBB,Áo Sơ Mi Nam Tay Ngắn Form Ôm WS25SS37T-SDBB,700000
WS25SS38C-SCBB,Áo Sơ Mi Nam Tay Ngắn Form Vừa WS25SS38C-SCBB,700000
WS25SS39C-SCBB,Áo Sơ Mi Tay Ngắn Form Vừa WS25SS39C-SCBB,700000
WS25SS40C-LDBB,Áo Sơ Mi Nam Tay Dài Form Ôm WS25SS40C-LDBB,800000
WS25SS41P-SD,Áo Sơ Mi Tay Ngắn Form Ôm WS25SS41P-SD,650000
WS25SS42P-LD,Áo Sơ Mi Tay Dài Form Ôm WS25SS42P-LD,750000
WS25SS44C-SDBB,Áo Sơ Mi Nam Tay Ngắn Form Ôm WS25SS44C-SDBB,700000
WS25SS45T-SDBB,Áo Sơ Mi Nam Tay Ngắn Form Ôm WS25SS45T-SDBB,700000
WS25SS46C-SC,Áo Sơ Mi Nam Tay Ngắn WS25SS46C-SC,700000
WS25SS47P-SD,Áo Sơ Mi Nam Tay Ngắn Form Ôm WS25SS47P-SD,700000
WS25SS48P-SD,Áo Sơ Mi Nam Tay Ngắn Form Ôm WS25SS48P-SD,700000
WS25SS49P-CF,Áo Sơ Mi Nam Tay Ngắn Form Ôm WS25SS49P-CF,700000
WS25SS50T-SD,Áo Sơ Mi Nam Tay Ngắn Form Ôm WS25SS50T-SD,700000
WS25SS51T-SDBB,Áo Sơ Mi Nam Tay Ngắn Form Ôm WS25SS51T-SDBB,700000
WS25SS52T-CF,Áo Sơ Mi Nam Tay Ngắn Form Ôm Vừa WS25SS52T-CF,700000
WS25SS53P-SC,Áo Sơ Mi Nam Tay Ngắn Form Vừa WS25SS53P-SC,700000
WS25SS54P-SC,Áo Sơ Mi Nam Tay Ngắn Form Vừa WS25SS54P-SC,700000
WS25SS55C-SD,Áo Sơ Mi Nam Tay Ngắn Form Ôm WS25SS55C-SD,700000
WS25SS56P-CF,Áo Sơ Mi Nam Tay Ngắn Form Vừa WS25SS56P-CF,700000
WS25SS57C-SDBB,Áo Sơ Mi Nam Tay Ngắn Form Ôm WS25SS57C-SDBB,700000
WS25SS59C-LD,Áo Sơ Mi Nam Tay Dài Form Ôm WS25SS59C-LD,800000
WS25SS61T-LD,Áo Sơ Mi Nam Tay Dài Form Ôm WS25SS61T-LD,800000
WT25FH08-HZ,Ví Da Nam Dáng Ngang WT25FH08-HZ,400000
WT25SS01-HZ,Ví Da Dáng Ngang WT25SS01-HZ,400000
WT25SS02-VE,Ví Da Nam Dáng Dọc WT25SS02-VE,400000
WT25SS05-HZ,Ví Da Dáng Ngang WT25SS05-HZ,400000
WT25SS07-VE,Ví Nam Dáng Dọc WT25SS07-VE,400000
