SKU,CSV_Name,DB_Name,Old_Price,New_Price
JK25FH04C-PA,Áo Khoác Nam Cá Tính JK25FH04C-PA,Áo Khoác Nam Cá Tính JK25FH04C-PA,500000.0,1500000.0
JK25FH09P-KA,Áo Khoác Nam Cá Tính JK25FH09P-KA,Áo Khoác Nam Cá Tính JK25FH09P-KA,500000.0,1100000.0
JK25FH10T-KA,Áo Khoác Nam Thời Trang JK25FH10T-KA,Áo Khoác Nam Thời Trang JK25FH10T-KA,500000.0,1100000.0
JK25SS01T-PA,Áo Khoác Nam Thời Trang JK25SS01T-PA,Áo Khoác Nam Thời Trang JK25SS01T-PA,500000.0,1200000.0
SW25FH03P-SA,Áo Len Nam Tay Ngắn Form Vừa SW25FH03P-SA,Áo Len Nam Tay Ngắn Form Vừa SW25FH03P-SA,500000.0,800000.0
SW25FH04M-LB,Áo Len Nam Tay Dài Form Vừa SW25FH04M-LB,Áo Len Nam Tay Dài Form Vừa SW25FH04M-LB,500000.0,800000.0
KS25FH43C-SCCA,Áo Polo Nam Tay Ngắn Form Vừa KS25FH43C-SCCA,Áo Polo Nam Tay Ngắn Form Vừa KS25FH43C-SCCA,500000.0,700000.0
KS25FH44C-SCCA,Áo Polo Nam Form Vừa KS25FH44C-SCCA,Áo Polo Nam Form Vừa KS25FH44C-SCCA,500000.0,700000.0
KS25FH45C-SCCA,Áo Polo Nam Tay Ngắn Form Vừa KS25FH45C-SCCA,Áo Polo Nam Tay Ngắn Form Vừa KS25FH45C-SCCA,500000.0,700000.0
KS25FH46T-SCCA,Áo Polo Nam Tay Ngắn Form Vừa KS25FH46T-SCCA,Áo Polo Nam Tay Ngắn Form Vừa KS25FH46T-SCCA,500000.0,700000.0
KS25FH49C-SLWK,Áo Polo Nam Form Ôm Tay Ngắn KS25FH49C-SLWK,Áo Polo Nam Form Ôm Tay Ngắn KS25FH49C-SLWK,500000.0,550000.0
KS25FH57C-SC,Áo Polo Nam Tay Ngắn Form Vừa KS25FH57C-SC,Áo Polo Nam Tay Ngắn Form Vừa KS25FH57C-SC,500000.0,550000.0
KS25SS08C-SCHE,Áo Polo Nam Tay Ngắn Form Vừa KS25SS08C-SCHE,Áo Polo Nam Tay Ngắn Form Vừa KS25SS08C-SCHE,500000.0,980000.0
FWKS25FH06C,Áo Thun Polo Nữ FWKS25FH06C,Áo Thun Polo Nữ FWKS25FH06C,500000.0,450000.0
FWKS25SS02G,Áo Polo Cổ V – FWKS25SS02G,Áo Polo Cổ V – FWKS25SS02G,500000.0,399000.0
FWKS25SS07C,Áo Thun Polo Nữ Kẻ Sọc FWKS25SS07C,Áo Thun Polo Nữ Kẻ Sọc FWKS25SS07C,500000.0,399000.0
WS25FH63P-LC,Áo Sơ Mi Nam Tay Dài Form Ôm WS25FH63P-LC,Áo Sơ Mi Nam Tay Dài Form Ôm WS25FH63P-LC,500000.0,800000.0
WS25FH64C-CFBB,Áo Sơ Mi Nam Tay Ngắn Form Vừa WS25FH64C-CFBB,Áo Sơ Mi Nam Tay Ngắn Form Vừa WS25FH64C-CFBB,500000.0,700000.0
WS25FH65P-SDBB,Áo Sơ Mi Nam Form Ôm Tay Ngắn WS25FH65P-SDBB,Áo Sơ Mi Nam Form Ôm Tay Ngắn WS25FH65P-SDBB,500000.0,700000.0
WS25FH66C-CFBB,Áo Sơ Mi Nam Tay Ngắn Form Vừa WS25FH66C-CFBB,Áo Sơ Mi Nam Tay Ngắn Form Vừa WS25FH66C-CFBB,500000.0,700000.0
WS25FH68C-SDBB,Áo Sơ Mi Nam Tay Ngắn Form Ôm WS25FH68C-SDBB,Áo Sơ Mi Nam Tay Ngắn Form Ôm WS25FH68C-SDBB,500000.0,700000.0
WS25FH70T-SDBB,Áo Sơ Mi Nam Tay Ngắn Form Ôm WS25FH70T-SDBB,Áo Sơ Mi Nam Tay Ngắn Form Ôm WS25FH70T-SDBB,500000.0,700000.0
WS25FH78P-CL,Áo Sơ Mi Nam Tay Ngắn Form Rộng WS25FH78P-CL,Áo Sơ Mi Nam Tay Ngắn Form Rộng WS25FH78P-CL,500000.0,600000.0
WS25FH98T-LD,Áo Sơ Mi Nam Form Ôm Tay Dài WS25FH98T-LD,Áo Sơ Mi Nam Form Ôm Tay Dài WS25FH98T-LD,500000.0,800000.0
WS25SS33P-SDBB,Áo Sơ Mi Nam Tay Ngắn Form Ôm WS25SS33P-SDBB,Áo Sơ Mi Nam Tay Ngắn Form Ôm WS25SS33P-SDBB,500000.0,700000.0
FWTS25FH02C,Áo Thun Dệt Kim Trắng – FWTS25FH02C,Áo Thun Dệt Kim Trắng – FWTS25FH02C,500000.0,650000.0
FWTS25SS15C,Áo Thun Trắng Cổ Tròn Xẻ Tà FWTS25SS15C,Áo Thun Trắng Cổ Tròn Xẻ Tà FWTS25SS15C,500000.0,299000.0
TS25FH19T-RGUS,Áo Thun Nam Tay Ngắn Form Vừa TS25FH19T-RGUS,Áo Thun Nam Tay Ngắn Form Vừa TS25FH19T-RGUS,500000.0,420000.0
TS25FH22C-LS,Áo Hoodie Nam Tay Dài TS25FH22C-LS,Áo Hoodie Nam Tay Dài TS25FH22C-LS,500000.0,800000.0
TS25SS09C-RGUS,Áo Thun Nam Form Vừa Tay Ngắn TS25SS09C-RGUS,Áo Thun Nam Form Vừa Tay Ngắn TS25SS09C-RGUS,500000.0,420000.0
TS25SS12C-RGUS,Áo Thun Nam Tay Ngắn Form Vừa TS25SS12C-RGUS,Áo Thun Nam Tay Ngắn Form Vừa TS25SS12C-RGUS,500000.0,420000.0
FWSK25FH04G,Chân Váy Houndstooth Đuôi Cá FWSK25FH04G,Chân Váy FWSK25FH04G,500000.0,399000.0
FWSK25FH12C,Mini Skirt Basic Màu Beige FWSK25FH12C,Mini Skirt Basic Màu Beige FWSK25FH12C,500000.0,399000.0
FWSK25SS09C,Chân Váy Midi Xếp Nhún FWSK25SS09C,Chân Váy Dài FWSK25SS09C,500000.0,599000.0
FWDR25SS014G,Đầm Nữ Dáng Dài Gài Nút FWDR25SS014G,Đầm Nữ Dáng Dài Gài Nút FWDR25SS014G,500000.0,599000.0
FWDR25SS17C,Đầm Trắng Dáng Wrap Cổ Tim FWDR25SS17C,Đầm Trắng Dáng Wrap Cổ Tim FWDR25SS17C,500000.0,649000.0
FWDR25SS22C,Đầm Trắng Dài Xếp Ly FWDR25SS22C,Đầm Trắng Dài Xếp Ly FWDR25SS22C,500000.0,699000.0
FWDR25SS23C,Đầm Suông Dài Không Tay FWDR25SS23C,Đầm Suông Dài Không Tay FWDR25SS23C,500000.0,699000.0
FWDR25SS26G,Đầm Dáng Suông Cổ Polo FWDR25SS26G,Đầm Dáng Suông Cổ Polo FWDR25SS26G,500000.0,549000.0
FWDR25SS33C,Đầm Sơ Mi Không Tay FWDR25SS33C,Đầm Sơ Mi Không Tay FWDR25SS33C,500000.0,699000.0
SO25FH07P-SA,Dép Quai Ngang SO25FH07P-SA,Dép Quai Ngang SO25FH07P-SA,500000.0,250000.0
FWBA24SS01,Túi Tote Nữ Thời Trang FWBA24SS01,Túi Tote Nữ Thời Trang FWBA24SS01,500000.0,1249000.0
FWBA24SS02,Túi Xách Nữ Tiện Dụng FWBA24SS02,Túi Xách Nữ Tiện Dụng FWBA24SS02,500000.0,1249000.0
FWBE23SS01,Thắt Lưng Nữ Thời Trang FWBE23SS01,Thắt Lưng Nữ Thời Trang FWBE23SS01,500000.0,799000.0
FWBE23SS02,Thắt Lưng Nữ Cá Tính FWBE23SS02,Thắt Lưng Nữ Cá Tính FWBE23SS02,500000.0,799000.0
FWBL25SS01C,Áo Blouse Nữ Thời Trang FWBL25SS01C,Áo Blouse Nữ Thời Trang FWBL25SS01C,500000.0,449000.0
FWBL25SS02C,Áo Nữ Thời Trang FWBL25SS02C,Áo Nữ Thời Trang FWBL25SS02C,500000.0,449000.0
FWBL25SS03C,Áo Blouse Freelancer FWBL25SS03C,Áo Blouse Freelancer FWBL25SS03C,500000.0,549000.0
FWBL25SS07C,Áo Blouse Cổ Trụ Freelancer FWBL25SS07C,Áo Blouse Cổ Trụ Freelancer FWBL25SS07C,500000.0,399000.0
FWBL25SS09C,Áo kiểu Nữ thời trang FWBL25SS09C,Áo kiểu Nữ thời trang FWBL25SS09C,500000.0,399000.0
FWDP24FH01C,Quần Tây Slimfit Freelancer FWDP24FH01C,Quần Tây Slimfit Freelancer FWDP24FH01C,500000.0,449000.0
FWDP24FH02C,Quần Tây Suông Lưng Cao FWDP24FH02C,Quần Tây Suông Lưng Cao FWDP24FH02C,500000.0,499000.0
FWDP24SS02C,Quần Tây Nữ Dáng Baggy Thanh Lịch FWDP24SS02C,Quần Tây Nữ Dáng Baggy Thanh Lịch FWDP24SS02C,680000.0,399000.0
FWDP24SS03C,Quần Tây Nữ Ống Suông FWDP24SS03C,Quần Tây Nữ Ống Suông FWDP24SS03C,500000.0,399000.0
FWDP24SS05C,Quần Tây Nữ Basic FWDP24SS05C,Quần Tây Nữ Basic FWDP24SS05C,500000.0,429000.0
FWDP24SS06C,Quần Tây Nữ Basic FWDP24SS06C,Quần Tây Nữ Basic FWDP24SS06C,500000.0,429000.0
FWDP25SS04C,Quần Tây Ống Rộng Freelancer - FWDP25SS04C,Quần Tây Ống Rộng Freelancer - FWDP25SS04C,500000.0,499000.0
FWDR24FH03C,Đầm Nữ Cổ Vest Thanh Lịch FWDR24FH03C,Đầm Nữ Cổ Vest Thanh Lịch FWDR24FH03C,500000.0,599000.0
FWDR24FH04G,Đầm Nữ Họa Tiết Hoa Nhí FWDR24FH04G,Đầm Nữ Họa Tiết Hoa Nhí FWDR24FH04G,500000.0,649000.0
FWDR24FH05C,Đầm Sát Nách Cổ Tròn FWDR24FH05C,Đầm Sát Nách Cổ Tròn FWDR24FH05C,500000.0,699000.0
FWDR24FH06C,Đầm Nữ Dáng Vest FWDR24FH06C,Đầm Nữ Dáng Vest FWDR24FH06C,500000.0,699000.0
FWDR24FH10C,Đầm Nữ Thanh Lịch FWDR24FH10C,Đầm Nữ Thanh Lịch FWDR24FH10C,500000.0,649000.0
FWDR24FH11G,Đầm Sát Nách Cổ Tròn FWDR24FH11G,Đầm Sát Nách Cổ Tròn FWDR24FH11G,500000.0,699000.0
FWDR24FH23G,Đầm Nữ Thời Trang FWDR24FH23G,Đầm Nữ Thời Trang FWDR24FH23G,500000.0,649000.0
FWDR24FH24G,Đầm Sơ Mi Nữ Tính FWDR24FH24G,Đầm Sơ Mi Nữ Tính FWDR24FH24G,500000.0,659000.0
FWDR24FH26C,Đầm nữ Thanh Lịch FWDR24FH26C,Đầm nữ Thanh Lịch FWDR24FH26C,500000.0,599000.0
FWDR24FH27G,Đầm Sơ Mi Nữ Form Suông FWDR24FH27G,Đầm Sơ Mi Nữ Form Suông FWDR24FH27G,500000.0,599000.0
FWDR24SS16G,Đầm Polo Cá Tính FWDR24SS16G,Đầm Polo Cá Tính FWDR24SS16G,500000.0,549000.0
FWDR24SS30G,Đầm Cách Điệu Thời Trang FWDR24SS30G,Đầm Cách Điệu Thời Trang FWDR24SS30G,500000.0,549000.0
FWDR25SS010G,Đầm Nữ Dáng Xòe Cổ Trụ Thanh Lịch FWDR25SS010G,Đầm Nữ Dáng Xòe Cổ Trụ Thanh Lịch FWDR25SS010G,500000.0,649000.0
FWDR25SS016G,Đầm nữ thời trang FWDR25SS016G,Đầm nữ thời trang FWDR25SS016G,500000.0,649000.0
FWDR25SS04G,Đầm Nữ Dáng Xòe Cổ V Phối Dây FWDR25SS04G,Đầm Nữ Dáng Xòe Cổ V Phối Dây FWDR25SS04G,500000.0,649000.0
FWDR25SS08G,Đầm Nữ Thời Trang FWDR25SS08G,Đầm Nữ Thời Trang FWDR25SS08G,500000.0,649000.0
FWDR25SS09C,Áo Đầm Tay Lỡ Nữ Tính FWDR25SS09C,Đầm Tay Lỡ Nữ Tính FWDR25SS09C,500000.0,649000.0
FWDR25SS25G,Đầm Nữ Họa Tiết FWDR25SS25G,Đầm Nữ Họa Tiết FWDR25SS25G,500000.0,549000.0
FWDR25SS32G,Đầm Denim Sát Nách Cổ Sơ Mi FWDR25SS32G,Đầm Denim Sát Nách Cổ Sơ Mi FWDR25SS32G,500000.0,699000.0
FWJN24FH01G,Quần Jean Nữ Ống Loe FWJN24FH01G,Quần Jean Nữ Ống Loe FWJN24FH01G,500000.0,599000.0
FWJN24FH03G,Quần Jeans Cargo Freelancer FWJN24FH03G,Quần Jeans Cargo Freelancer FWJN24FH03G,500000.0,699000.0
FWJN24FH05G,Quần Jean Nữ Ống Rộng FWJN24FH05G,Quần Jean Nữ Ống Rộng FWJN24FH05G,500000.0,699000.0
FWJN24FH08G,Quần Jeans Ống Rộng Freelancer FWJN24FH08G,Quần Jeans Ống Rộng Freelancer FWJN24FH08G,500000.0,599000.0
FWJN24SS09G,Quần Jeans Nữ Ống Suông FWJN24SS09G,Quần Jeans Nữ Ống Suông FWJN24SS09G,500000.0,649000.0
FWJN25SS09C,Quần Jeans Ống Rộng Màu Đen FWJN25SS09C,Quần Jeans Ống Rộng Màu Đen FWJN25SS09C,500000.0,599000.0
FWJN25SS10C,Quần Jean Trắng Ống Rộng Freelancer FWJN25SS10C,Quần Jean Trắng Ống Rộng Freelancer FWJN25SS10C,500000.0,599000.0
FWKS25SS11G,Áo Polo Nữ Cổ Lưới FWKS25SS11G,Áo Polo Nữ Cổ Lưới FWKS25SS11G,500000.0,449000.0
FWSG23SS01G,Combo Mắt Kính Nữ FWSG23SS01G + Hộp Mắt Kính SG23-BOX2,Combo Mắt Kính Nữ FWSG23SS01G + Hộp Mắt Kính SG23-BOX2,500000.0,418000.0
FWSG23SS02G,Combo Mắt Kính Nữ FWSG23SS02G + Hộp Mắt Kính SG23-BOX1,Combo Mắt Kính Nữ FWSG23SS02G + Hộp Mắt Kính SG23-BOX1,500000.0,408000.0
FWSG23SS03G,Combo Mắt Kính Nữ FWSG23SS03G + Hộp Mắt Kính SG23-BOX1,Combo Mắt Kính Nữ FWSG23SS03G + Hộp Mắt Kính SG23-BOX1,500000.0,408000.0
FWSK22FH16G,Chân Váy xòe chữ A thanh lịch FWSK22FH16G,Chân Váy xòe chữ A thanh lịch FWSK22FH16G,500000.0,549000.0
FWSK22FH17G,Chân váy xòe chữ A thanh lịch FWSK22FH17G,Chân váy xòe chữ A thanh lịch FWSK22FH17G,500000.0,449000.0
FWSK22SS05C,Chân váy bút chì nút lệch FWSK22SS05C,Chân váy bút chì nút lệch FWSK22SS05C,500000.0,399000.0
FWSK23FH02C,Chân Váy Vạt Chéo Thanh Lịch FWSK23FH02C,Chân Váy Vạt Chéo Thanh Lịch FWSK23FH02C,500000.0,499000.0
FWSK23FH06G,Chân Váy Jeans Cá Tính FWSK23FH06G,Chân Váy Jeans Cá Tính FWSK23FH06G,500000.0,549000.0
FWSK23SS05G,Chân Váy Maxi Hoa Nữ Tính FWSK23SS05G,Chân Váy Maxi Hoa Nữ Tính FWSK23SS05G,500000.0,599000.0
FWSK23SS14G,Chân Váy Bút Chì Form Basic FWSK23SS14G,Chân Váy Bút Chì Form Basic FWSK23SS14G,500000.0,499000.0
FWSK24FH01C,Chân Váy Nữ Thanh Lịch  FWSK24FH01C,Chân Váy Nữ Thanh Lịch FWSK24FH01C,500000.0,329000.0
FWSK24FH05C,Chân Váy Nữ FWSK24FH05C,Chân Váy Nữ FWSK24FH05C,500000.0,499000.0
FWSK24FH13C,Chân Váy Thiết Kế FWSK24FH13C,Chân Váy Thiết Kế FWSK24FH13C,500000.0,399000.0
FWSK24FH15C,Chân Váy A Xếp Ly Màu Be FWSK24FH15C,Chân Váy A Xếp Ly Màu Be FWSK24FH15C,500000.0,499000.0
FWSK25SS02G,Chân Váy Freelancer – FWSK25SS02G,Chân Váy Freelancer – FWSK25SS02G,500000.0,449000.0
FWSK25SS04G,Chân Váy Freelancer – FWSK25SS04G,Chân Váy Freelancer – FWSK25SS04G,500000.0,449000.0
FWSK25SS07C,Chân Váy Freelancer – FWSK25SS07C,Chân Váy Freelancer – FWSK25SS07C,500000.0,399000.0
FWSK25SS12C,Chân Váy Ngắn Bất Đối Xứng FWSK25SS12C,Chân Váy Ngắn Bất Đối Xứng FWSK25SS12C,500000.0,349000.0
FWSP24FH04C,Quần Short Đắp Tà Cạp Cao Freelancer FWSP24FH04C,Quần Short Đắp Tà Cạp Cao Freelancer FWSP24FH04C,500000.0,369000.0
FWSP24FH06C,Quần Short Nữ Vạt Xéo Thanh Lịch FWSP24FH06C,Quần Short Nữ Vạt Xéo Thanh Lịch FWSP24FH06C,500000.0,349000.0
FWSP24SS01C,Quần Short Nữ Thời Trang FWSP24SS01C,Quần Short Nữ Thời Trang FWSP24SS01C,500000.0,349000.0
FWSP25SS04C,Quần Short Nữ Thời Trang FWSP25SS04C,Quần Short Nữ Thời Trang FWSP25SS04C,500000.0,349000.0
FWTS24FH05G,Áo Thun Nữ Cá Tính FWTS24FH05G,Áo Thun Nữ Cá Tính FWTS24FH05G,500000.0,349000.0
FWTS24FH09G,Áo Thun Trắng Cách Điệu FWTS24FH09G,Áo Thun Trắng Cách Điệu FWTS24FH09G,500000.0,349000.0
FWTS25SS05G,Áo Thun Freelancer – FWTS25SS05G,Áo Thun Freelancer – FWTS25SS05G,500000.0,399000.0
FWTS25SS07G,Áo Thun Freelancer In Họa Tiết FWTS25SS07G,Áo Thun Freelancer In Họa Tiết FWTS25SS07G,500000.0,349000.0
FWTS25SS08G,Áo Thun Freelancer In Hình “Nature Beats” FWTS25SS08G,Áo Thun Freelancer In Hình “Nature Beats” FWTS25SS08G,500000.0,399000.0
FWTS25SS09G,Áo Thun In Họa Tiết “Child of Light” FWTS25SS09G,Áo Thun In Họa Tiết “Child of Light” FWTS25SS09G,500000.0,349000.0
FWTS25SS11G,Áo Thun Freelancer Thêu Chữ “Hola” FWTS25SS11G,Áo Thun Freelancer Thêu Chữ “Hola” FWTS25SS11G,500000.0,399000.0
FWTS25SS20G,Áo Thun Freelancer FWTS25SS20G,Áo Thun Freelancer FWTS25SS20G,500000.0,299000.0
FWTT25SS01G,Áo Tanktop cá tính FWTT25SS01G,Áo Tanktop cá tính FWTT25SS01G,500000.0,149000.0
FWWS24FH01C,Áo Sơ Mi Kiểu Cách FWWS24FH01C,Áo Sơ Mi Kiểu Cách FWWS24FH01C,500000.0,449000.0
FWWS24FH03C,Áo Sơ Mi Cổ Trụ Tay Ngắn FWWS24FH03C,Áo Sơ Mi Cổ Trụ Tay Ngắn FWWS24FH03C,500000.0,399000.0
FWWS25SS03C,Áo Sơ Mi Nữ Thanh Lịch FWWS25SS03C,Áo Sơ Mi Nữ Thanh Lịch FWWS25SS03C,500000.0,449000.0
FWWS25SS04C,Áo Sơ Mi Freelancer FWWS25SS04C,Áo Sơ Mi Freelancer FWWS25SS04C,500000.0,449000.0
FWWS25SS06G,Áo Sơ Mi Freelancer – FWWS25SS06G,Áo Sơ Mi Freelancer – FWWS25SS06G,500000.0,449000.0
SO25FH06P-SA,Dép Kẹp Tiện Lợi SO25FH06P-SA,Dép Kẹp Tiện Lợi SO25FH06P-SA,500000.0,550000.0
SO25FH15P-DS,Giày Tây Nam SO25FH15P-DS,Giày Tây Nam SO25FH15P-DS,500000.0,1200000.0
JK25FH02P-CT,Áo Khoác Nam Thời Trang JK25FH02P-CT,Áo Khoác Nam Thời Trang JK25FH02P-CT,500000.0,1500000.0
FWSG23SS01G,Mắt Kính FWSG23SS01G,Combo Mắt Kính Nữ FWSG23SS01G + Hộp Mắt Kính SG23-BOX2,500000.0,329000.0
FWSG23SS02G,Mắt Kính FWSG23SS02G,Combo Mắt Kính Nữ FWSG23SS02G + Hộp Mắt Kính SG23-BOX1,500000.0,349000.0
FWSG23SS03G,Mắt Kính FWSG23SS03G,Combo Mắt Kính Nữ FWSG23SS03G + Hộp Mắt Kính SG23-BOX1,500000.0,349000.0
CA26SS06P,Mũ Lưỡi Trai Thời Trang CA26SS06P,Mũ Lưỡi Trai Thời Trang CA26SS06P,500000.0,299000.0
CA26SS07M,Mũ Lưỡi Trai Thời Trang CA26SS07M,Mũ Lưỡi Trai Thời Trang CA26SS07M,500000.0,299000.0
CA26SS10C,Mũ Lưỡi Trai Thời Trang CA26SS10C,Mũ Lưỡi Trai Thời Trang CA26SS10C,500000.0,299000.0
CA26SS14P,Mũ Lưỡi Trai Thời Trang CA26SS14P,Mũ Lưỡi Trai Thời Trang CA26SS14P,500000.0,299000.0
JN25FH38C-RG,Quần Jeans Nam Form Vừa JN25FH38C-RG,Quần Jeans Nam Form Vừa JN25FH38C-RG,500000.0,900000.0
JN25FH39C-SL,Quần Jeans Nam Form Ôm JN25FH39C-SL,Quần Jeans Nam Form Ôm JN25FH39C-SL,500000.0,900000.0
JN25FH40T-CL,Quần Jeans Nam Form Rộng JN25FH40T-CL,Quần Jeans Nam Form Rộng JN25FH40T-CL,500000.0,900000.0
JN25FH41P-RG,Quần Jeans Nam Form Vừa JN25FH41P-RG,Quần Jeans Nam Form Vừa JN25FH41P-RG,500000.0,900000.0
JN25FH42P-RG,Quần Jeans Nam Form Vừa JN25FH42P-RG,Quần Jeans Nam Form Vừa JN25FH42P-RG,500000.0,900000.0
JN25FH43T-RG,Quần Jeans Nam Form Vừa JN25FH43T-RG,Quần Jeans Nam Form Vừa JN25FH43T-RG,500000.0,900000.0
JN25FH47T-SL,Quần Jeans Nam Form Ôm JN25FH47T-SL,Quần Jeans Nam Form Ôm JN25FH47T-SL,500000.0,900000.0
JN25SS33P-RG,Quần Jeans Nam Form Vừa JN25SS33P-RG,Quần Jeans Nam Form Vừa JN25SS33P-RG,500000.0,900000.0
FWJN25FH04G,Quần Jeans Xanh Hoa Đắp Vải Trần Chỉ FWJN25FH04G,Quần Jeans Xanh Hoa Đắp Vải Trần Chỉ FWJN25FH04G,500000.0,699000.0
FWJN25FH05G,Quần Jeans Ống Rộng – FWJN25FH05G,Quần Jeans Ống Rộng – FWJN25FH05G,500000.0,649000.0
FWJN25SS11C,Quần Jeans Skinny Xanh Đậm FWJN25SS11C,Quần Jeans Skinny Xanh Đậm FWJN25SS11C,500000.0,650000.0
KP25FH16T-NMSL,Quần Khaki Nam Form Ôm KP25FH16T-NMSL,Quần Khaki Nam Form Ôm KP25FH16T-NMSL,500000.0,800000.0
KP25FH18C-NMSC,Quần Khaki Nam Form Vừa KP25FH18C-NMSC,Quần Khaki Nam Form Vừa KP25FH18C-NMSC,500000.0,850000.0
KP25FH21T-NM,Quần Jogger Nam Cá Tính KP25FH21T-NM,Quần Jogger Nam Cá Tính KP25FH21T-NM,500000.0,850000.0
KP25SS12C-JNSL,Quần Khaki Nam Form Ôm KP25SS12C-JNSL,Quần Khaki Nam Form Ôm KP25SS12C-JNSL,500000.0,800000.0
KP25SS14C-RG,Quần Khaki Nam Form Vừa KP25SS14C-RG,Quần Khaki Nam Form Vừa KP25SS14C-RG,500000.0,800000.0
FWSP25SS07C,Quần Short Nữ Lưng Cao FWSP25SS07C,Quần Short Nữ Lưng Cao FWSP25SS07C,500000.0,349000.0
SP25FH23P-AK,Quần Short Nam Form Trên Gối SP25FH23P-AK,Quần Short Nam Form Trên Gối SP25FH23P-AK,500000.0,600000.0
SP25FH26P-AK,Quần Short Nam Form Trên Gối SP25FH26P-AK,Quần Short Nam Form Trên Gối SP25FH26P-AK,500000.0,600000.0
SP25FH27T-AKJN,Quần Short Nam Form Trên Gối SP25FH27T-AKJN,Quần Short Nam Form Trên Gối SP25FH27T-AKJN,500000.0,600000.0
SP25FH32P-AK,Quần Short Nam Năng Động SP25FH32P-AK,Quần Short Nam Năng Động SP25FH32P-AK,500000.0,600000.0
SP25SS18C-AK,Quần Short Nam Form Trên Gối SP25SS18C-AK,Quần Short Nam Form Trên Gối SP25SS18C-AK,500000.0,600000.0
SP25SS19C-NM,Quần Short Nam Form Vừa SP25SS19C-NM,Quần Short Nam Form Vừa SP25SS19C-NM,500000.0,600000.0
DP25ES01P-NMSC,Quần Tây Nam Form Ôm Vừa DP25ES01P-NMSC,Quần Tây Nam Form Ôm Vừa DP25ES01P-NMSC,500000.0,800000.0
DP25FH09P-NMSC,Quần Tây Nam Form Vừa DP25FH09P-NMSC,Quần Tây Nam Form Vừa DP25FH09P-NMSC,500000.0,800000.0
DP25FH10C-NMRG,Quần Tây Nam Form Vừa DP25FH10C-NMRG,Quần Tây Nam Form Vừa DP25FH10C-NMRG,500000.0,850000.0
FWDP25FH08C,Quần Tây Nữ Màu Nâu – FWDP25FH08C,Quần Tây Nữ Màu Nâu – FWDP25FH08C,500000.0,449000.0
FWDP25FH09C,Quần Tây Lửng Màu Beige FWDP25FH09C,Quần Tây Lửng Màu Beige FWDP25FH09C,500000.0,429000.0
FWDP25SS01C,Quần Tây Nữ Xám Ống Rộng FWDP25SS01C,Quần Tây Nữ Xám Ống Rộng FWDP25SS01C,500000.0,599000.0
FWDP25SS07C,Quần Tây Nữ Form Ôm FWDP25SS07C,Quần Tây Nữ Form Ôm FWDP25SS07C,500000.0,499000.0
SP25SS13T-AK,Quần Short Nam Năng Động SP25SS13T-AK,Quần Short Nam Năng Động SP25SS13T-AK,500000.0,490000.0
BE25FH45-HL,Thắt Lưng Nam Đầu Kim BE25FH45-HL,Thắt Lưng Nam Đầu Kim BE25FH45-HL,500000.0,600000.0
BE25FH46-EP,Thắt Lưng Nam Đầu Tăng Đơ BE25FH46-EP,Thắt Lưng Nam Đầu Tăng Đơ BE25FH46-EP,500000.0,600000.0
BE25FH48-EP,Thắt Lưng Nam Đầu Tăng Đơ BE25FH48-EP,Thắt Lưng Nam Đầu Tăng Đơ BE25FH48-EP,500000.0,600000.0
BE25FH49-EP,Thắt Lưng Nam Đầu Tăng Đơ BE25FH49-EP,Thắt Lưng Nam Đầu Tăng Đơ BE25FH49-EP,500000.0,600000.0
BE25FH50-EP,Thắt Lưng Nam Đầu Tăng Đơ BE25FH50-EP,Thắt Lưng Nam Đầu Tăng Đơ BE25FH50-EP,500000.0,600000.0
WT25FH08-HZ,Ví Da Nam Dáng Ngang WT25FH08-HZ,Ví Da Nam Dáng Ngang WT25FH08-HZ,500000.0,400000.0
WT25SS06-HZ,Ví Da Nam Dáng Ngang WT25SS06-HZ,Ví Da Nam Dáng Ngang WT25SS06-HZ,500000.0,400000.0
WT25SS07-VE,Ví Nam Dáng Dọc WT25SS07-VE,Ví Nam Dáng Dọc WT25SS07-VE,500000.0,400000.0
WS24SS16P-LCRG,Áo Sơ Mi Denim Thời Trang WS24SS16P-LCRG,Áo Sơ Mi Denim Thời Trang WS24SS16P-LCRG,500000.0,900000.0
WT25SS01-HZ,Ví Da Dáng Ngang WT25SS01-HZ,Ví Da Dáng Ngang WT25SS01-HZ,500000.0,400000.0
WT25SS02-VE,Ví Da Nam Dáng Dọc WT25SS02-VE,Ví Da Nam Dáng Dọc WT25SS02-VE,500000.0,400000.0
WT25SS04-HZ,Ví Da Dáng Ngang WT25SS04-HZ,Ví Da Dáng Ngang WT25SS04-HZ,500000.0,400000.0
WT25SS05-HZ,Ví Da Dáng Ngang WT25SS05-HZ,Ví Da Dáng Ngang WT25SS05-HZ,500000.0,400000.0
