url,title,author,publish_date,description,content_length,image_count,banner_filename,tags,crawled_at
https://johnhenry.vn/blogs/xu-huong/special-gifts-happy-vietnamese-business-day,SPECIAL GIFTS | HAPPY VIETNAMESE BUSINESS DAYâ€‹,,2025-10-10,"ChÃ o má»«ng NgÃ y Doanh NhÃ¢n Viá»‡t Nam 13/10, JOHN HENRY xin Ä‘Æ°á»£c gá»­i Ä‘áº¿n nhá»¯ng doanh nhÃ¢n báº£n lÄ©nh, tá»± tin vÃ  phong Ä‘á»™ chÆ°Æ¡ng trÃ¬nh Æ°u Ä‘Ã£i tri Ã¢n Ä‘áº·c biá»‡t:â€‹Vá»›i hÃ³a Ä‘Æ¡n nguyÃªn giÃ¡ tá»« 1.099.000Ä‘ â†’ Nháº­n ngay 01 máº¯t kÃ­nh thá»i trang.â€‹Vá»›i hÃ³a Ä‘Æ¡n nguyÃªn giÃ¡ tá»« 1.799.000Ä‘ â†’ Lá»±a chá»n 1 trong 2 quÃ  táº·ng:â€‹â€¢ 01 Ã¡o sÆ¡ mi tráº¯ng",1317,2,banner_aa61012e.jpg,,2025-10-19T09:36:00.578097
https://johnhenry.vn/blogs/xu-huong/viscose-chat-lieu-nang-tam-trai-nghiem-do-len,VISCOSE â€“ CHáº¤T LIá»†U NÃ‚NG Táº¦M TRáº¢I NGHIá»†M Äá»’ LEN,,2025-10-08,"Báº¡n Ä‘ang tÃ¬m má»™t chiáº¿c Ã¡o len vá»«a thoáº£i mÃ¡i, vá»«a bá»n Ä‘áº¹p? BÃ­ quyáº¿t náº±m á»Ÿ sá»£i viscose â€“ cháº¥t liá»‡u Ä‘Æ°á»£c yÃªu thÃ­ch trong ngÃ nh thá»i trang nhá» loáº¡t Æ°u Ä‘iá»ƒm vÆ°á»£t trá»™i. Khi káº¿t há»£p cÃ¹ng len, viscose khÃ´ng chá»‰ mang láº¡i sá»± má»m máº¡i vÃ  thoÃ¡ng khÃ­, mÃ  cÃ²n giÃºp Ã¡o giá»¯ phom dÃ¡ng gá»n gÃ ng vÃ  bá»n bá»‰ hÆ¡n theo thá»i gian.Má»€M Máº I & THOÃN",2487,5,banner_e9ada939.jpg,,2025-10-19T09:36:07.277195
https://johnhenry.vn/blogs/xu-huong/obsidian-grace-skirt-fwsk25ss09c,OBSIDIAN GRACE SKIRT â€” Quiet Luxury in Motion â€‹,,2025-09-16,"CÃ³ nhá»¯ng ngÃ y nÃ ng cáº§n má»™t item Ä‘á»§ tinh giáº£n Ä‘á»ƒ diá»‡n Ä‘i lÃ m, nhÆ°ng cÅ©ng Ä‘á»§ sang trá»ng Ä‘á»ƒ bÆ°á»›c vÃ o nhá»¯ng buá»•i háº¹n quan trá»ng.â€‹â€‹Obsidian Grace Skirt â€“ chiáº¿c chÃ¢n vÃ¡y midi Ä‘en má»›i tá»« Freelancer chÃ­nh lÃ  lá»±a chá»n â€œall-in-oneâ€:â€‹LÆ°ng cao tinh gá»n vÃ²ng eo, khÃ©o lÃ©o tÃ´n dÃ¡ng vÃ  táº¡o hiá»‡u á»©ng Ä‘Ã´i chÃ¢n dÃ i.â€‹Phom A-line rá»§ nháº¹, tá»«",1097,5,banner_b1387970.jpg,,2025-10-19T09:36:14.708784
https://johnhenry.vn/blogs/xu-huong/in-motion-fall-winter-collection-25,IN MOTION â€“ FALL WINTER 2025 COLLECTIONâ€‹,,2025-09-25,"Cuá»™c sá»‘ng khÃ´ng ngá»«ng chuyá»ƒn Ä‘á»™ng, vÃ  phong cÃ¡ch cÅ©ng váº­y. â€‹â€‹In Motion â€“ Bá»™ sÆ°u táº­p Thu ÄÃ´ng 2025 cá»§a Freelancer mang Ä‘áº¿n nguá»“n cáº£m há»©ng cho nhá»¯ng quÃ½ cÃ´ hiá»‡n Ä‘áº¡i: cÃ¡ tÃ­nh, nÄƒng Ä‘á»™ng nhÆ°ng váº«n giá»¯ Ä‘Æ°á»£c nÃ©t thanh lá»‹ch riÃªng biá»‡t.â€‹â€‹Tá»« nhá»¯ng thiáº¿t káº¿ tá»‘i giáº£n Ä‘áº§y máº¡nh máº½ Ä‘áº¿n nhá»¯ng Ä‘Æ°á»ng cáº¯t phÃ¡ cÃ¡ch tinh táº¿, má»—i item tro",1391,21,banner_e9d2886d.png,,2025-10-19T09:36:23.999914
https://johnhenry.vn/blogs/xu-huong/john-henry-wallet-your-everyday-companion,JOHN HENRY WALLET | YOUR EVERYDAY COMPANION,,2025-09-29,"Má»™t chiáº¿c vÃ­ nhá» gá»n khÃ´ng chá»‰ Ä‘á»ƒ Ä‘á»±ng tiá»n hay tháº», mÃ  cÃ²n thá»ƒ hiá»‡n gu tháº©m má»¹ cá»§a chá»§ nhÃ¢n. JOHN HENRY WALLET mang Ä‘áº¿n sá»± cÃ¢n báº±ng hoÃ n háº£o giá»¯a tiá»‡n Ã­ch hÃ ng ngÃ y vÃ  phong cÃ¡ch hiá»‡n Ä‘áº¡i â€“ má»™t phá»¥ kiá»‡n nhá» nhÆ°ng Ä‘á»§ sá»©c nÃ¢ng táº§m hÃ¬nh áº£nh cá»§a báº¡n.CHáº¤T LIá»†U DA THáº¬T â€“ SANG TRá»ŒNG VÃ€ Bá»€N Äáº¸PVÃ­ Ä‘Æ°á»£c lÃ m tá»« da tháº­t cao cáº¥p,",2089,4,banner_12fc9b0d.jpg,,2025-10-19T09:36:38.364832
https://johnhenry.vn/blogs/xu-huong/grand-opening-john-henry-chua-boc-ha-noi-khai-truong-ron-rang-hang,"GRAND OPENING JOHN HENRY CHÃ™A Bá»˜C, HÃ€ Ná»˜I | KHAI TRÆ¯Æ NG Rá»˜N RÃ€NG, HÃ€NG NGÃ€N QUÃ€ Táº¶NGâ€‹",,2025-10-18,"JOHN HENRY tiáº¿p tá»¥c hÃ nh trÃ¬nh má»Ÿ rá»™ng táº¡i HÃ  Ná»™i vá»›i cá»­a hÃ ng má»›i tá»a láº¡c táº¡i 93 ChÃ¹a Bá»™c, P.Kim LiÃªn, TP. HÃ  Ná»™i â€“ nÆ¡i mang Ä‘áº¿n tráº£i nghiá»‡m mua sáº¯m hiá»‡n Ä‘áº¡i cÃ¹ng nhá»¯ng thiáº¿t káº¿ chá»‰n chu, cháº¥t lÆ°á»£ng vÃ  Ä‘áº­m dáº¥u áº¥n thÆ°Æ¡ng hiá»‡u.â€‹Thá»i gian Ã¡p dá»¥ng Æ°u Ä‘Ã£i: 18/10 â€“ 24/10/2025â€‹Æ¯U ÄÃƒI Háº¤P DáºªN:â€‹HÃ³a Ä‘Æ¡n nguyÃªn giÃ¡ tá»« 1.799.00",1413,6,banner_8826ebcc.jpg,,2025-10-19T09:36:46.010946
https://johnhenry.vn/blogs/xu-huong/happy-vietnamese-women-s-day-freelancer,HAPPY VIETNAMESE WOMEN'S DAY | FREELANCER ğŸŒ¸â€‹,,2025-10-10,"TÃ´n vinh nÃ©t Ä‘áº¹p riÃªng cá»§a nÃ ng â€“ theo cÃ¡ch Ä‘áº·c biá»‡t nháº¥t cÃ¹ng Freelancer.â€‹NgÃ y Phá»¥ Ná»¯ Viá»‡t Nam 20/10 lÃ  dá»‹p Ä‘á»ƒ má»—i nÃ ng Ä‘Æ°á»£c yÃªu thÆ°Æ¡ng vÃ  trÃ¢n trá»ng nhiá»u hÆ¡n. Freelancer gá»­i Ä‘áº¿n nÃ ng nhá»¯ng mÃ³n quÃ  Ã½ nghÄ©a â€“ vá»«a tinh táº¿, vá»«a thá»i trang â€“ Ä‘á»ƒ má»—i ngÃ y cá»§a nÃ ng Ä‘á»u tháº­t ráº¡ng rá»¡.  Æ¯u Ä‘Ã£i Ä‘áº·c biá»‡t chá»‰ trong dá»‹p 20/10",1062,1,banner_ab81bec2.jpg,,2025-10-19T09:36:54.420423
https://johnhenry.vn/blogs/xu-huong/whispers-of-romance-dress-fwdr25ss29g,NEW ARRIVAL | WHISPERS OF ROMANCE,,2025-10-01,"Khi thá»i trang khÃ´ng chá»‰ Ä‘á»ƒ máº·c, mÃ  cÃ²n Ä‘á»ƒ ká»ƒ cÃ¢u chuyá»‡n riÃªng cá»§a nÃ ng. â€‹Whispers of Romance Dress chÃ­nh lÃ  lá»i thÃ¬ tháº§m dá»‹u dÃ ng, mang Ä‘áº¿n má»™t phong thÃ¡i nháº¹ nhÃ ng, phÃ³ng khoÃ¡ng nhÆ°ng váº«n Ä‘áº§y ná»¯ tÃ­nh.â€‹Vá»›i thiáº¿t káº¿ tay phá»“ng má»m máº¡i, Ä‘iá»ƒm xuyáº¿t bÃ¨o nhÃºn tinh táº¿ cháº¡y dá»c thÃ¢n, cÃ¹ng tÃ  vÃ¡y báº¥t Ä‘á»‘i xá»©ng uyá»ƒn chuyá»ƒn, má»—i",1445,4,banner_49485c41.jpg,,2025-10-19T09:37:01.288397
https://johnhenry.vn/blogs/xu-huong/elegant-ruffle-shirt-fwws25ss11g,"ELEGANT RUFFLE SHIRT â€“ Ná»® TÃNH Gá»ŒN GÃ€NG, THANH Lá»ŠCH Tá»ªNG CHI TIáº¾Tâ€‹",,2025-09-23,"CÃ³ nhá»¯ng ngÃ y nÃ ng muá»‘n khÃ¡c biá»‡t, nhÆ°ng váº«n cáº§n sá»± tinh táº¿ Ä‘á»ƒ bÆ°á»›c vÃ o cÃ´ng viá»‡c hay nhá»¯ng buá»•i háº¹n quan trá»ng.â€‹â€‹Elegant Ruffle Shirt chÃ­nh lÃ  cÃ¢u tráº£ lá»i: Ä‘Æ°á»ng bÃ¨o nhÃºn má»m máº¡i cháº¡y dá»c thÃ¢n Ã¡o, hÃ²a cÃ¹ng gam xanh pastel dá»‹u nháº¹ giÃºp tÃ´n da vÃ  tÃ´n dÃ¡ng.â€‹â€‹Cháº¥t liá»‡u rá»§ nháº¹, phom dÃ¡ng vá»«a váº·n â€“ gá»n gÃ ng mÃ  khÃ´ng há» cá»©ng",1121,5,banner_ecb4d0c5.jpg,,2025-10-19T09:37:09.572882
https://johnhenry.vn/blogs/xu-huong/new-shirt-sharp-elegant,NEW SHIRT | SHARP & ELEGANT,,2025-09-16,"Má»™t ngÃ y má»›i, má»™t diá»‡n máº¡o má»›i â€“ vÃ  má»™t chiáº¿c sÆ¡ mi caro chÃ­nh lÃ  cÃ¡ch Ä‘á»ƒ phÃ¡i máº¡nh khá»Ÿi Ä‘áº§u ngÃ y dÃ i Ä‘áº§y tá»± tin. SÆ¡ mi JOHN HENRYÂ mang Ä‘áº¿n sá»± káº¿t há»£p hÃ i hÃ²a giá»¯a sá»± lá»‹ch lÃ£m cÃ´ng sá»Ÿ vÃ  váº» tráº» trung nÄƒng Ä‘á»™ng.FORM Ã”M TÃ”N DÃNG â€“ Tá»° TIN TRONG Má»ŒI HOÃ€N Cáº¢NHThiáº¿t káº¿ form Ã´m vá»«a váº·n, tÃ´n dÃ¡ng gá»n gÃ ng, giÃºp báº¡n luÃ´n ná»•i báº­",2158,4,banner_23da5ec2.jpg,,2025-10-19T09:37:18.134412
https://johnhenry.vn/blogs/xu-huong/modern-office-look-chin-chu-va-phong-khoang,MODERN OFFICE LOOK | CHá»ˆN CHU VÃ€ PHÃ“NG KHOÃNG,,2025-10-17,"Giá»¯a nhá»‹p sá»‘ng nÄƒng Ä‘á»™ng cá»§a thÃ nh thá»‹, phong cÃ¡ch cÃ´ng sá»Ÿ ngÃ y nay khÃ´ng cÃ²n bÃ³ buá»™c trong nhá»¯ng bá»™ suit truyá»n thá»‘ng. NgÆ°á»i Ä‘Ã n Ã´ng hiá»‡n Ä‘áº¡i tÃ¬m kiáº¿m sá»± cÃ¢n báº±ng giá»¯a chá»‰n chu vÃ  thoáº£i mÃ¡i, giá»¯a thanh lá»‹ch vÃ  tá»± do. MODERN OFFICE LOOK tá»« JOHN HENRY ra Ä‘á»i Ä‘á»ƒ Ä‘Ã¡p á»©ng Ä‘Ãºng tinh tháº§n áº¥y.Â JACKET CITY â€“ Sá»° Káº¾T Há»¢P GIá»®A TI",2368,5,banner_2f547192.jpg,,2025-10-19T09:37:25.699072
https://johnhenry.vn/blogs/xu-huong/shirts-for-the-office-so-mi-y-nghia-danh-tang-ngay-doanh-nhan-viet-n,SHIRTS FOR THE OFFICE | SÆ  MI Ã NGHÄ¨A DÃ€NH Táº¶NG NGÃ€Y DOANH NHÃ‚N VIá»†T NAM,,2025-10-05,"NgÃ y Doanh nhÃ¢n Viá»‡t Nam Ä‘ang Ä‘áº¿n gáº§n â€“ má»™t chiáº¿c sÆ¡ mi tá»« JOHN HENRY khÃ´ng chá»‰ lÃ  mÃ³n quÃ  tinh táº¿, mÃ  cÃ²n lÃ  cÃ¡ch gá»­i gáº¯m sá»± trÃ¢n trá»ng vÃ  lá»i chÃºc thÃ nh cÃ´ng Ä‘áº¿n nhá»¯ng ngÆ°á»i báº¡n, Ä‘á»“ng nghiá»‡p vÃ  Ä‘á»‘i tÃ¡c quan trá»ng. Vá»›i tinh tháº§n lá»‹ch lÃ£m vÃ  hiá»‡n Ä‘áº¡i, dÃ²ng sÆ¡ mi cÃ´ng sá»Ÿ JOHN HENRY mang Ä‘áº¿n cho phÃ¡i máº¡nh diá»‡n máº¡o chá»‰n c",2462,6,banner_c7b8ad90.jpg,,2025-10-19T09:37:33.524761
https://johnhenry.vn/blogs/xu-huong/ao-dam-nu-sang-trong-fwdr25fh04c,SOFT LAYERS OF ELEGANCE | THANH Lá»ŠCH TRONG Tá»ªNG Lá»šP CHáº¤T LIá»†U ğŸŒ¿â€‹,,2025-10-17,"Sá»± tinh táº¿ Ä‘Ã´i khi Ä‘áº¿n tá»« nhá»¯ng chi tiáº¿t nhá» â€” vÃ  â€œSoft Layers of Eleganceâ€ chÃ­nh lÃ  minh chá»©ng hoÃ n háº£o cho Ä‘iá»u Ä‘Ã³.â€‹Â â€‹Thiáº¿t káº¿ Ä‘áº§m hai dÃ¢y káº¿t há»£p Ã¡o voan má»ng phá»§ ngoÃ i mang Ä‘áº¿n váº» Ä‘áº¹p nháº¹ nhÃ ng, ná»¯ tÃ­nh nhÆ°ng váº«n sang trá»ng vÃ  hiá»‡n Ä‘áº¡i.â€‹Pháº§n bÃ¨o nhÃºn má»m máº¡i Ä‘Æ°á»£c sáº¯p Ä‘áº·t khÃ©o lÃ©o táº¡o Ä‘iá»ƒm nháº¥n tinh táº¿, giÃºp tÃ´n lÃªn",1310,5,banner_4d73784b.png,,2025-10-19T09:37:40.468303
https://johnhenry.vn/blogs/xu-huong/coastal-chic-polo-dress-fwdr25ss30g,COASTAL CHIC POLO DRESS â€“ NÄ‚NG Äá»˜NG & THANH Lá»ŠCH TRONG Má»ŒI KHOáº¢NH KHáº®C â€‹,,2025-09-26,"KhÃ´ng cáº§n quÃ¡ nhiá»u layer hay phá»¥ kiá»‡n cáº§u ká»³, nÃ ng váº«n cÃ³ thá»ƒ ghi Ä‘iá»ƒm vá»›i phong thÃ¡i phÃ³ng khoÃ¡ng vÃ  tinh táº¿ trong chiáº¿c Coastal Chic Polo Dress má»›i ra máº¯t tá»« Freelancer.â€‹â€‹Phom suÃ´ng thoáº£i mÃ¡i â€“ mang láº¡i sá»± tá»± do, dá»… dÃ ng di chuyá»ƒn cáº£ ngÃ y.â€‹Chi tiáº¿t vÃ¡y xáº¿p ly báº£n to â€“ Ä‘iá»ƒm nháº¥n hiá»‡n Ä‘áº¡i, giÃºp outfit trÃ´ng vá»«a",1087,4,banner_5ef0f015.jpg,,2025-10-19T09:37:48.351469
https://johnhenry.vn/blogs/xu-huong/john-henry-fall-winter-2025-khang-dinh-phong-cach-nam-tinh-lich-lam,FALL WINTER â€˜25 | Strength in Style,,2025-09-25,"Thá»i tiáº¿t Ä‘ang dáº§n chuyá»ƒn mÃ¬nh tá»« nhá»¯ng ngÃ y Thu dá»‹u nháº¹ sang khÃ´ng khÃ­ se láº¡nh cá»§a mÃ¹a ÄÃ´ng. ÄÃ¢y cÅ©ng lÃ  lÃºc phong cÃ¡ch cá»§a báº¡n cáº§n Ä‘Æ°á»£c lÃ m má»›i â€“ nhiá»u layer hÆ¡n, sáº¯c sáº£o hÆ¡n vÃ  máº¡nh máº½ hÆ¡n. BST Thu ÄÃ´ng 2025 tá»« JOHN HENRY chÃ­nh lÃ  lá»±a chá»n hoÃ n háº£o cho phÃ¡i máº¡nh yÃªu thÃ­ch sá»± hiá»‡n Ä‘áº¡i, báº£n lÄ©nh vÃ  tá»± tin.PHONG CÃCH L",2479,13,banner_02160e22.jpg,,2025-10-19T09:37:55.833796
https://johnhenry.vn/blogs/xu-huong/cap-collection-hoan-thien-phong-cach-voi-diem-nhan-tinh-te,CAP COLLECTION | HOÃ€N THIá»†N PHONG CÃCH Vá»šI ÄIá»‚M NHáº¤N TINH Táº¾,,2025-10-15,"KhÃ´ng chá»‰ lÃ  phá»¥ kiá»‡n che náº¯ng hay táº¡o Ä‘iá»ƒm nháº¥n, mÅ© lÆ°á»¡i trai ngÃ y nay Ä‘Ã£ trá»Ÿ thÃ nh biá»ƒu tÆ°á»£ng cá»§a phong cÃ¡ch nÄƒng Ä‘á»™ng vÃ  cÃ¡ tÃ­nh. CAP COLLECTION tá»« JOHN HENRY mang Ä‘áº¿n sá»± káº¿t há»£p hoÃ n háº£o giá»¯a nÃ©t cá»• Ä‘iá»ƒn vÃ  tinh tháº§n hiá»‡n Ä‘áº¡i â€“ má»™t item nhá» nhÆ°ng Ä‘á»§ sá»©c táº¡o nÃªn dáº¥u áº¥n riÃªng trong outfit cá»§a báº¡n.Â Sá»° Káº¾T Há»¢P GIá»®A Cá»”",2311,6,banner_04f2e79c.jpg,,2025-10-19T09:38:06.387456
https://johnhenry.vn/blogs/xu-huong/casual-fit-easy-style,"CASUAL FIT, EASY STYLE",,2025-09-17,"Khi báº¡n cáº§n má»™t set Ä‘á»“ vá»«a thoáº£i mÃ¡i, vá»«a Ä‘á»§ áº¥n tÆ°á»£ng Ä‘á»ƒ táº¡o dáº¥u áº¥n trong ngÃ y dÃ i báº­n rá»™n, outfit tá»« cotton má»m máº¡i sáº½ lÃ  lá»±a chá»n lÃ½ tÆ°á»Ÿng. Ão khoÃ¡c khÃ³a kÃ©o káº¿t há»£p cÃ¹ng quáº§n khaki vÃ  Ã¡o thun tráº¯ng mang Ä‘áº¿n phong cÃ¡ch street style gá»n gÃ ng, nÄƒng Ä‘á»™ng vÃ  dá»… phá»‘i trong má»i hoÃ n cáº£nh.FORM CASUAL â€“ THOáº¢I MÃI MÃ€ VáºªN Gá»ŒN",2234,5,banner_9497f3c6.jpg,,2025-10-19T09:38:15.091111
https://johnhenry.vn/blogs/xu-huong/new-sweater-new-season-am-ap-va-thanh-lich,"NEW SWEATER, NEW SEASON | áº¤M ÃP VÃ€ THANH Lá»ŠCH",,2025-10-01,"MÃ¹a Thu â€“ ÄÃ´ng lÃ  thá»i Ä‘iá»ƒm lÃ½ tÆ°á»Ÿng Ä‘á»ƒ lÃ m má»›i phong cÃ¡ch vá»›i nhá»¯ng chiáº¿c Ã¡o len Ä‘Æ¡n giáº£n nhÆ°ng tinh táº¿. NEW SWEATER, NEW SEASON tá»« JOHN HENRY mang Ä‘áº¿n lá»±a chá»n hoÃ n háº£o cho phÃ¡i máº¡nh: thiáº¿t káº¿ basic, gam mÃ u nháº¹ nhÃ ng vÃ  cháº¥t liá»‡u má»m máº¡i, Ä‘á»§ Ä‘á»ƒ báº¡n thoáº£i mÃ¡i táº­n hÆ°á»Ÿng khÃ´ng khÃ­ se láº¡nh.THIáº¾T Káº¾ Tá»I GIáº¢N â€“ Dá»„ Máº¶C VÃ€",2037,5,banner_508e8b56.jpg,,2025-10-19T09:38:23.492777
https://johnhenry.vn/blogs/xu-huong/energy-in-every-t-shirt,ENERGY IN EVERY T-SHIRT,,2025-09-28,Má»™t chiáº¿c Ã¡o thun Ä‘Æ¡n giáº£n nhÆ°ng luÃ´n mang trong mÃ¬nh nguá»“n nÄƒng lÆ°á»£ng tÆ°Æ¡i má»›i. ENERGY IN EVERY T-SHIRT tá»« JOHN HENRY Ä‘Æ°á»£c thiáº¿t káº¿ Ä‘á»ƒ Ä‘á»“ng hÃ nh cÃ¹ng báº¡n trong má»i khoáº£nh kháº¯c â€“ tá»« ngÃ y thÆ°á»ng báº­n rá»™n cho Ä‘áº¿n nhá»¯ng chuyáº¿n Ä‘i xa nhiá»u tráº£i nghiá»‡m.TONE MÃ€U TÆ¯Æ I SÃNG â€“ Báº®T Äáº¦U NGÃ€Y Má»šI Äáº¦Y NÄ‚NG LÆ¯á»¢NGMÃ u sáº¯c tÆ°Æ¡i sÃ¡ng khÃ´,2269,4,banner_73bc8c84.jpg,,2025-10-19T09:38:31.683117
https://johnhenry.vn/blogs/xu-huong/freelancer-dong-gia-tu-59k,ğŸ”¥ FREELANCER â€“ Äá»’NG GIÃ Tá»ª 59K ğŸ”¥â€‹,,2025-09-22,"HÃ ng loáº¡t thiáº¿t káº¿ Ä‘Æ°á»£c tuyá»ƒn chá»n â€“ tá»« Ã¡o thun, sÆ¡ mi Ä‘áº¿n chÃ¢n vÃ¡yâ€¦ sáºµn sÃ ng nÃ¢ng cáº¥p outfit háº±ng ngÃ y mÃ  khÃ´ng lo ",560,1,banner_5c17e3cb.jpg,,2025-10-19T09:38:40.366341
https://johnhenry.vn/blogs/xu-huong/new-jeans-everyday-essential,NEW JEANS | EVERYDAY ESSENTIAL,,2025-09-23,"Má»™t chiáº¿c quáº§n jeans khÃ´ng chá»‰ Ä‘Æ¡n thuáº§n lÃ  trang phá»¥c hÃ ng ngÃ y, mÃ  cÃ²n lÃ  â€œngÆ°á»i báº¡n Ä‘á»“ng hÃ nhâ€ giÃºp phÃ¡i máº¡nh tá»± tin trong má»i hoÃ n cáº£nh. NEW JEANS | EVERYDAY ESSENTIAL tá»« JOHN HENRY mang Ä‘áº¿n sá»± thoáº£i mÃ¡i, linh hoáº¡t vÃ  dá»… phá»‘i, biáº¿n má»i outfit thÆ°á»ng ngÃ y trá»Ÿ nÃªn chá»‰n chu vÃ  cuá»‘n hÃºt hÆ¡n.FORM Vá»ªA â€“ THOáº¢I MÃI VÃ€ TÃ”N",2421,4,banner_7dc48074.jpg,,2025-10-19T09:38:47.314027
https://johnhenry.vn/blogs/xu-huong/flannel-t-shirt-jeans-basic-ca-tinh,FLANNEL â€“ T-SHIRT â€“ JEANS | BASIC & CÃ TÃNH,,2025-10-04,"Má»™t chÃºt bá»¥i báº·m tá»« flannel káº» Ã´, sá»± thoáº£i mÃ¡i tá»« T-shirt basic, káº¿t há»£p cÃ¹ng nÃ©t phÃ³ng khoÃ¡ng cá»§a jeans form rá»™ng â€“ táº¥t cáº£ hÃ²a quyá»‡n Ä‘á»ƒ táº¡o nÃªn outfit Ä‘áº­m cháº¥t Ä‘Æ°á»ng phá»‘, cÃ¡ tÃ­nh nhÆ°ng váº«n dá»… máº·c vÃ  linh hoáº¡t trong nhiá»u tÃ¬nh huá»‘ng.FLANNEL Káºº Ã” â€“ Bá»¤I Báº¶M VÃ€ NAM TÃNHÃo khoÃ¡c flannel luÃ´n lÃ  item gá»£i nhá»› Ä‘áº¿n phong cÃ¡ch",2275,5,banner_1ef9139f.jpg,,2025-10-19T09:38:55.223293
https://johnhenry.vn/blogs/xu-huong/freelancer-store-your-style-spot,FREELANCER STORE â€“ YOUR STYLE SPOT â€‹,,2025-10-09,"Äiá»ƒm háº¹n phong cÃ¡ch cho nÃ ng hiá»‡n Ä‘áº¡i.â€‹â€‹Cuá»‘i tuáº§n nÃ y, náº¿u nÃ ng Ä‘ang tÃ¬m má»™t nÆ¡i Ä‘á»ƒ â€œrefresh láº¡i phong cÃ¡châ€, hÃ£y ghÃ© Freelancer Store â€“ khÃ´ng gian dÃ nh riÃªng cho nhá»¯ng cÃ´ gÃ¡i yÃªu thá»i trang hiá»‡n Ä‘áº¡i, tráº» trung mÃ  váº«n thanh lá»‹ch.â€‹â€‹ğŸ‘— Táº¡i Ä‘Ã¢y, nÃ ng sáº½ dá»… dÃ ng tÃ¬m tháº¥y má»i item â€œchuáº©n guâ€:â€‹Tá»« Ã¡o thun, polo, sÆ¡ mi Ä‘áº¿n vÃ¡y",1424,6,banner_9985389c.jpg,,2025-10-19T09:39:05.306381
https://johnhenry.vn/blogs/xu-huong/special-gifts-update-happy-vietnamese-business-day,SPECIAL GIFTS UPDATE | HAPPY VIETNAMESE BUSINESS DAY,,2025-10-16,"Tá»« 16/10 -20/10, JOHN HENRY mang Ä‘áº¿n thÃªm lá»±a chá»n quÃ  táº·ng trong chÆ°Æ¡ng trÃ¬nh Æ°u Ä‘Ã£i má»«ng ngÃ y Doanh nhÃ¢n Viá»‡t Nam, giÃºp báº¡n hoÃ n thiá»‡n phong cÃ¡ch vÃ  táº­n hÆ°á»Ÿng trá»n váº¹n tráº£i nghiá»‡m mua sáº¯m.Æ¯u Ä‘Ã£i háº¥p dáº«n:Vá»›i hÃ³a Ä‘Æ¡n nguyÃªn giÃ¡ tá»« 1.099.000Ä‘ â€“ Nháº­n ngay 01 trong 3 quÃ  táº·ng:Máº¯t kÃ­nh thá»i trangÃo mÆ°a JOHN HENRYNÃ³n báº£o hi",907,2,banner_d0dbbfa3.jpg,,2025-10-19T09:39:14.563244
https://johnhenry.vn/blogs/xu-huong/fall-colors-modern-khaki-nam-tinh-va-lich-lam,"FALL COLORS, MODERN KHAKI | NAM TÃNH VÃ€ Lá»ŠCH LÃƒM",,2025-10-06,"MÃ¹a Thu luÃ´n gá»£i nhá»› Ä‘áº¿n nhá»¯ng gam mÃ u áº¥m Ã¡p vÃ  tráº§m láº¯ng. Chiáº¿c quáº§n khaki mÃ u nÃ¢u tá»« JOHN HENRY chÃ­nh lÃ  Ä‘iá»ƒm nháº¥n hoÃ n háº£o Ä‘á»ƒ mang hÆ¡i thá»Ÿ mÃ¹a Thu vÃ o outfit thÆ°á»ng ngÃ y â€“ vá»«a nam tÃ­nh, lá»‹ch lÃ£m, vá»«a nÄƒng Ä‘á»™ng vÃ  dá»… á»©ng dá»¥ng.Sáº®C NÃ‚U TRáº¦M â€“ VIBE THU HIá»†N Äáº IKhÃ¡c vá»›i nhá»¯ng gam mÃ u sÃ¡ng tráº» trung hay tá»‘i cá»• Ä‘iá»ƒn, sáº¯c n",2239,4,banner_0c114eb8.jpg,,2025-10-19T09:39:21.598080
https://johnhenry.vn/blogs/xu-huong/form-ao-polo-john-henry,FORM ÃO POLO JOHN HENRY,,2025-09-20,"Ão polo luÃ´n lÃ  lá»±a chá»n quen thuá»™c cá»§a phÃ¡i máº¡nh â€“ gá»n gÃ ng, dá»… máº·c vÃ  há»£p nhiá»u hoÃ n cáº£nh. Táº¡i JOHN HENRY, Ã¡o polo Ä‘Æ°á»£c thiáº¿t káº¿ vá»›i nhiá»u form dÃ¡ng khÃ¡c nhau Ä‘á»ƒ má»—i ngÆ°á»i cÃ³ thá»ƒ chá»n Ä‘Æ°á»£c kiá»ƒu phÃ¹ há»£p vá»›i vÃ³c dÃ¡ng vÃ  phong cÃ¡ch cá»§a mÃ¬nh.SLIM FIT â€“ Ã”M Gá»ŒN, TRáºº TRUNG VÃ€ CHá»ˆN CHUSlim fit lÃ  kiá»ƒu Ã¡o polo Ã´m gá»n, tÃ´n dÃ¡n",1779,1,banner_fd3e1bbe.jpg,,2025-10-19T09:39:29.129637
https://johnhenry.vn/blogs/xu-huong/ivory-piped-polo-fwks25fh04c,"IVORY PIPED POLO â€“ TRáº®NG THANH Lá»ŠCH, ÄEN CÃ TÃNHâ€‹",,2025-09-24,"Má»™t chiáº¿c polo tráº¯ng nhÆ°ng khÃ´ng há» Ä‘Æ¡n giáº£n.â€‹Ivory Piped Polo mang Ä‘áº¿n sá»± Ä‘á»‘i láº­p Ä‘áº§y tinh táº¿ vá»›i chi tiáº¿t viá»n Ä‘en ná»•i báº­t trÃªn ná»n tráº¯ng, táº¡o nÃªn hiá»‡u á»©ng thá»‹ giÃ¡c vá»«a gá»n gÃ ng, vá»«a cÃ¡ tÃ­nh.â€‹ÄÃ¢y lÃ  lá»±a chá»n lÃ½ tÆ°á»Ÿng cho nÃ ng yÃªu phong cÃ¡ch minimal nhÆ°ng váº«n cáº§n má»™t Ä‘iá»ƒm nháº¥n riÃªng. Chá»‰ cáº§n thay Ä‘á»•i cÃ¡ch mix â€“ quáº§n t",985,4,banner_4d40595b.jpg,,2025-10-19T09:39:36.399386
https://johnhenry.vn/blogs/xu-huong/ao-thun-basic-cut-out-fwts25ss14c,"ASYMMETRY, ALLURE, ATTITUDE â€‹",,2025-10-08,"Ão thun ná»¯ cÃ¡ch Ä‘iá»‡u â€“ cho nÃ ng tá»± tin thá»ƒ hiá»‡n phong cÃ¡ch riÃªng.â€‹â€‹KhÃ´ng cÃ²n lÃ  chiáº¿c Ã¡o thun Ä‘Æ¡n giáº£n má»—i ngÃ y.â€‹Thiáº¿t káº¿ báº¥t Ä‘á»‘i xá»©ng Ä‘á»™c Ä‘Ã¡o cÃ¹ng chi tiáº¿t nhÃºn nháº¹ tinh táº¿ mang Ä‘áº¿n Ä‘iá»ƒm nháº¥n láº¡ máº¯t â€“ vá»«a ná»¯ tÃ­nh, vá»«a cÃ¡ tÃ­nh.â€‹Form Ã¡o vá»«a váº·n, thoáº£i mÃ¡i, táº¡o cáº£m giÃ¡c tá»± tin trong má»i chuyá»ƒn Ä‘á»™ng.â€‹â€‹DÃ¹ lÃ  Ä‘i lÃ m, Ä‘i chÆ¡",1162,4,banner_02a409c2.jpg,,2025-10-19T09:39:44.319858
https://johnhenry.vn/blogs/xu-huong/freelacer-sale-up-to-50-22-28-09,END OF SEPTEMBER - SALE UP TO 50% OFF â€‹,,2025-09-22,"ThÃ¡ng 9 khÃ©p láº¡i, Æ°u Ä‘Ã£i â€œÄ‘iÌ‰nh noÌc kiÌ£ch trÃ¢Ì€nâ€ dÃ nh riÃªng cho nÃ ng táº¡i FREELANCER Ä‘Ã£ sáºµn sÃ ng! ğŸŒ¸â€‹â€‹ğŸ”¥ Giáº£m giÃ¡ lÃªn Ä‘áº¿n 50% â€“ Ã¡p dá»¥ng Offline & Online tá»« 22/09 â€“ 28/09.â€‹â€‹ÄÃ¢y chÃ­nh lÃ  thá»i Ä‘iá»ƒm tuyá»‡t vá»i Ä‘á»ƒ nÃ ng lÃ m má»›i tá»§ Ä‘á»“ vá»›i nhá»¯ng thiáº¿t káº¿ thanh lá»‹ch, cÃ¡ tÃ­nh vÃ  cá»±c ká»³ dá»… phá»‘i.â€‹âš¡ LÆ°u Ã½:â€‹KhÃ´ng Ã¡p dá»¥ng Ä‘á»•i tráº£â€‹KhÃ´n",571,1,banner_50ce4db4.jpg,,2025-10-19T09:39:52.001524
https://johnhenry.vn/blogs/xu-huong/autumn-season-sale-25-off-all-items,AUTUMN SEASON SALE â€“ 25% OFF ALL ITEMSâ€‹,,2025-09-22,"ChÃ o mÃ¹a Thu vá»›i Æ°u Ä‘Ã£i ngáº­p trÃ n, cÆ¡ há»™i Ä‘á»ƒ báº¡n lÃ m má»›i phong cÃ¡ch cÃ¹ng Æ°u Ä‘Ã£i siÃªu háº¥p dáº«n.â€‹â–ªï¸ Thá»i gian: 22/09 â€“ 28/09/2025â€‹â–ªï¸ Ãp dá»¥ng táº¡i: cÃ¡c cá»­a hÃ ng JOHN HENRY khu vá»±c HÃ  Ná»™iâ€‹â–ªï¸ Æ¯u Ä‘Ã£i dÃ nh cho báº¡n: GIáº¢M NGAY Â 25% Táº¤T Cáº¢ Sáº¢N PHáº¨M trong BST nÄƒm 2024 & 2025â€‹Äiá»u kiá»‡n Ã¡p dá»¥ng:â€‹â–ªï¸ KhÃ´ng Ã¡p dá»¥ng Ä‘á»•i tráº£â€‹â–ªï¸ KhÃ´ng Ã¡",1195,2,banner_2efdca2e.jpg,,2025-10-19T09:39:59.155315
